city,timestamp,temperature,humidity,pressure,wind_speed,pm2_5,pm10,co,no2,so2,o3,aqi,hour,day_of_week,day,month,is_weekend,is_rush_hour,pm_ratio,temp_humidity_interaction
Karachi,2026-02-01 16:04:03+00:00,24.2,64,1016.7,16.9,44.3,94.6,273.21,0.6,6.27,133.64,3,16,6,1,2,1,0,0.4682875264270613,1548.8
Karachi,2026-01-15 08:00:00+00:00,16.4,95,1016.6,1.3,0.0,0.0,0.0,0.0,0.0,0.0,0,8,3,15,1,0,1,0.0,1557.9999999999998
Karachi,2026-01-05 18:00:00+00:00,21.7,57,1018.2,8.9,0.0,0.0,0.0,0.0,0.0,0.0,0,18,0,5,1,0,1,0.0,1236.8999999999999
Karachi,2026-01-29 20:00:00+00:00,21.0,34,1018.5,9.2,0.0,0.0,0.0,0.0,0.0,0.0,0,20,3,29,1,0,0,0.0,714.0
Karachi,2026-01-03 00:00:00+00:00,18.5,52,1018.8,6.6,0.0,0.0,0.0,0.0,0.0,0.0,0,0,5,3,1,1,0,0.0,962.0
Karachi,2026-01-10 23:00:00+00:00,16.5,39,1022.3,8.8,0.0,0.0,0.0,0.0,0.0,0.0,0,23,5,10,1,1,0,0.0,643.5
Karachi,2026-02-03 16:46:05+00:00,21.1,63,1018.4,3.2,112.23,190.07,501.93,1.18,10.28,184.24,5,16,1,3,2,0,0,0.5904666701741464,1329.3000000000002
Karachi,2026-01-25 11:00:00+00:00,16.1,36,1022.4,17.7,0.0,0.0,0.0,0.0,0.0,0.0,0,11,6,25,1,1,0,0.0,579.6
Karachi,2026-02-01 23:00:00+00:00,19.8,85,1019.3,6.8,44.3,94.6,273.21,0.6,6.27,133.64,3,23,6,1,2,1,0,0.4682875264270613,1683.0
Karachi,2026-01-31 08:00:00+00:00,14.8,59,1018.8,8.2,0.0,0.0,0.0,0.0,0.0,0.0,0,8,5,31,1,1,1,0.0,873.2
Karachi,2026-01-18 02:00:00+00:00,18.7,77,1011.9,4.1,0.0,0.0,0.0,0.0,0.0,0.0,0,2,6,18,1,1,0,0.0,1439.8999999999999
Karachi,2026-01-26 04:00:00+00:00,13.9,46,1017.3,13.4,0.0,0.0,0.0,0.0,0.0,0.0,0,4,0,26,1,0,0,0.0,639.4
Karachi,2026-01-15 11:00:00+00:00,22.9,70,1018.2,3.6,0.0,0.0,0.0,0.0,0.0,0.0,0,11,3,15,1,0,0,0.0,1603.0
Karachi,2026-01-23 10:00:00+00:00,12.9,40,1020.4,12.8,0.0,0.0,0.0,0.0,0.0,0.0,0,10,4,23,1,0,0,0.0,516.0
Karachi,2026-01-27 02:00:00+00:00,15.7,39,1018.2,9.9,0.0,0.0,0.0,0.0,0.0,0.0,0,2,1,27,1,0,0,0.0,612.3
Karachi,2026-01-05 21:00:00+00:00,20.5,66,1019.7,5.2,0.0,0.0,0.0,0.0,0.0,0.0,0,21,0,5,1,0,0,0.0,1353.0
Karachi,2026-01-13 20:00:00+00:00,20.3,52,1019.8,0.5,0.0,0.0,0.0,0.0,0.0,0.0,0,20,1,13,1,0,0,0.0,1055.6000000000001
Karachi,2026-01-21 19:00:00+00:00,21.0,59,1015.5,7.7,0.0,0.0,0.0,0.0,0.0,0.0,0,19,2,21,1,0,1,0.0,1239.0
Karachi,2026-01-04 06:00:00+00:00,14.6,88,1018.2,6.4,0.0,0.0,0.0,0.0,0.0,0.0,0,6,6,4,1,1,0,0.0,1284.8
Karachi,2026-01-21 08:00:00+00:00,15.2,79,1017.4,6.8,0.0,0.0,0.0,0.0,0.0,0.0,0,8,2,21,1,0,1,0.0,1200.8
Karachi,2026-01-19 17:00:00+00:00,22.5,58,1014.3,9.8,0.0,0.0,0.0,0.0,0.0,0.0,0,17,0,19,1,0,1,0.0,1305.0
Karachi,2026-01-29 07:00:00+00:00,13.9,55,1019.9,8.6,0.0,0.0,0.0,0.0,0.0,0.0,0,7,3,29,1,0,1,0.0,764.5
Karachi,2026-01-11 02:00:00+00:00,14.3,52,1021.8,9.1,0.0,0.0,0.0,0.0,0.0,0.0,0,2,6,11,1,1,0,0.0,743.6
Karachi,2026-01-07 09:00:00+00:00,16.9,56,1022.5,9.8,0.0,0.0,0.0,0.0,0.0,0.0,0,9,2,7,1,0,1,0.0,946.3999999999999
Karachi,2026-01-24 22:00:00+00:00,14.7,43,1022.9,15.3,0.0,0.0,0.0,0.0,0.0,0.0,0,22,5,24,1,1,0,0.0,632.1
Karachi,2026-01-05 15:00:00+00:00,24.4,37,1018.5,4.2,0.0,0.0,0.0,0.0,0.0,0.0,0,15,0,5,1,0,0,0.0,902.8
Karachi,2026-01-07 12:00:00+00:00,22.4,32,1022.1,12.4,0.0,0.0,0.0,0.0,0.0,0.0,0,12,2,7,1,0,0,0.0,716.8
Karachi,2026-01-02 05:00:00+00:00,15.9,71,1017.0,8.5,0.0,0.0,0.0,0.0,0.0,0.0,0,5,4,2,1,0,0,0.0,1128.9
Karachi,2026-02-03 01:45:37+00:00,17.1,72,1019.6,8.1,72.53,153.58,423.5,3.21,9.18,106.33,4,1,1,3,2,0,0,0.4722620132829795,1231.2
Karachi,2026-01-29 23:00:00+00:00,18.5,45,1019.3,11.6,0.0,0.0,0.0,0.0,0.0,0.0,0,23,3,29,1,0,0,0.0,832.5
Karachi,2026-01-10 20:00:00+00:00,20.0,34,1021.0,8.6,0.0,0.0,0.0,0.0,0.0,0.0,0,20,5,10,1,1,0,0.0,680.0
Karachi,2026-02-03 19:42:09+00:00,18.8,81,1018.5,5.1,109.44,180.41,520.8,1.69,10.69,178.98,5,19,1,3,2,0,1,0.6066182584113963,1522.8
Karachi,2026-01-25 14:00:00+00:00,19.8,22,1019.0,16.6,0.0,0.0,0.0,0.0,0.0,0.0,0,14,6,25,1,1,0,0.0,435.6
Karachi,2026-01-29 10:00:00+00:00,18.3,42,1021.4,7.4,0.0,0.0,0.0,0.0,0.0,0.0,0,10,3,29,1,0,0,0.0,768.6
Karachi,2026-01-19 20:00:00+00:00,21.0,68,1015.4,6.3,0.0,0.0,0.0,0.0,0.0,0.0,0,20,0,19,1,0,0,0.0,1428.0
Karachi,2026-01-31 11:00:00+00:00,22.0,33,1020.0,4.6,0.0,0.0,0.0,0.0,0.0,0.0,0,11,5,31,1,1,0,0.0,726.0
Karachi,2026-02-04 09:38:29+00:00,28.8,24,1017.4,19.6,80.1,165.2,394.58,1.53,8.47,159.25,5,9,2,4,2,0,1,0.4848668280871671,691.2
Karachi,2026-01-29 17:00:00+00:00,23.5,28,1017.0,7.7,0.0,0.0,0.0,0.0,0.0,0.0,0,17,3,29,1,0,1,0.0,658.0
Karachi,2026-01-23 07:00:00+00:00,10.0,53,1018.5,13.5,0.0,0.0,0.0,0.0,0.0,0.0,0,7,4,23,1,0,1,0.0,530.0
Karachi,2026-01-13 17:00:00+00:00,23.0,42,1018.3,9.1,0.0,0.0,0.0,0.0,0.0,0.0,0,17,1,13,1,0,1,0.0,966.0
Karachi,2026-01-25 08:00:00+00:00,11.9,48,1022.1,16.1,0.0,0.0,0.0,0.0,0.0,0.0,0,8,6,25,1,1,1,0.0,571.2
Karachi,2026-01-15 14:00:00+00:00,24.6,55,1015.9,12.1,0.0,0.0,0.0,0.0,0.0,0.0,0,14,3,15,1,0,0,0.0,1353.0
Karachi,2026-01-06 00:00:00+00:00,18.6,60,1019.7,9.4,0.0,0.0,0.0,0.0,0.0,0.0,0,0,1,6,1,0,0,0.0,1116.0
Karachi,2026-01-19 14:00:00+00:00,24.3,50,1015.1,9.4,0.0,0.0,0.0,0.0,0.0,0.0,0,14,0,19,1,0,0,0.0,1215.0
Karachi,2026-01-21 11:00:00+00:00,21.6,50,1018.8,2.0,0.0,0.0,0.0,0.0,0.0,0.0,0,11,2,21,1,0,0,0.0,1080.0
Karachi,2026-01-24 19:00:00+00:00,16.9,37,1022.0,14.7,0.0,0.0,0.0,0.0,0.0,0.0,0,19,5,24,1,1,1,0.0,625.3
Karachi,2026-01-15 05:00:00+00:00,16.8,91,1015.4,2.7,0.0,0.0,0.0,0.0,0.0,0.0,0,5,3,15,1,0,0,0.0,1528.8
Karachi,2026-01-03 23:00:00+00:00,17.6,79,1018.7,2.1,0.0,0.0,0.0,0.0,0.0,0.0,0,23,5,3,1,1,0,0.0,1390.4
Karachi,2026-01-10 17:00:00+00:00,23.0,26,1018.7,7.1,0.0,0.0,0.0,0.0,0.0,0.0,0,17,5,10,1,1,1,0.0,598.0
Karachi,2026-01-02 18:00:00+00:00,22.2,50,1017.4,11.6,0.0,0.0,0.0,0.0,0.0,0.0,0,18,4,2,1,0,1,0.0,1110.0
Karachi,2026-01-26 10:00:00+00:00,17.0,39,1020.8,12.9,0.0,0.0,0.0,0.0,0.0,0.0,0,10,0,26,1,0,0,0.0,663.0
Karachi,2026-01-12 11:00:00+00:00,18.2,32,1022.6,3.1,0.0,0.0,0.0,0.0,0.0,0.0,0,11,0,12,1,0,0,0.0,582.4
Karachi,2026-01-20 02:00:00+00:00,18.2,64,1015.2,3.0,0.0,0.0,0.0,0.0,0.0,0.0,0,2,1,20,1,0,0,0.0,1164.8
Karachi,2026-01-18 11:00:00+00:00,22.4,60,1014.9,5.5,0.0,0.0,0.0,0.0,0.0,0.0,0,11,6,18,1,1,0,0.0,1344.0
Karachi,2026-01-08 21:00:00+00:00,18.0,32,1021.7,12.1,0.0,0.0,0.0,0.0,0.0,0.0,0,21,3,8,1,0,0,0.0,576.0
Karachi,2026-01-17 06:00:00+00:00,19.6,86,1013.2,7.6,0.0,0.0,0.0,0.0,0.0,0.0,0,6,5,17,1,1,0,0.0,1685.6000000000001
Karachi,2026-01-26 20:00:00+00:00,18.7,32,1018.0,10.6,0.0,0.0,0.0,0.0,0.0,0.0,0,20,0,26,1,0,0,0.0,598.4
Karachi,2026-01-21 13:00:00+00:00,23.5,42,1017.2,6.7,0.0,0.0,0.0,0.0,0.0,0.0,0,13,2,21,1,0,0,0.0,987.0
Karachi,2026-01-21 02:00:00+00:00,17.2,73,1016.4,5.5,0.0,0.0,0.0,0.0,0.0,0.0,0,2,2,21,1,0,0,0.0,1255.6
Karachi,2026-01-25 05:00:00+00:00,12.4,47,1021.1,16.9,0.0,0.0,0.0,0.0,0.0,0.0,0,5,6,25,1,1,0,0.0,582.8000000000001
Karachi,2026-01-19 11:00:00+00:00,22.5,63,1017.6,3.2,0.0,0.0,0.0,0.0,0.0,0.0,0,11,0,19,1,0,0,0.0,1417.5
Karachi,2026-01-15 17:00:00+00:00,23.8,61,1014.8,11.3,0.0,0.0,0.0,0.0,0.0,0.0,0,17,3,15,1,0,1,0.0,1451.8
Karachi,2026-01-06 03:00:00+00:00,17.5,64,1019.1,9.2,0.0,0.0,0.0,0.0,0.0,0.0,0,3,1,6,1,0,0,0.0,1120.0
Karachi,2026-01-23 16:00:00+00:00,17.1,32,1017.4,10.9,0.0,0.0,0.0,0.0,0.0,0.0,0,16,4,23,1,0,0,0.0,547.2
Karachi,2026-01-14 02:00:00+00:00,16.5,49,1019.3,3.7,0.0,0.0,0.0,0.0,0.0,0.0,0,2,2,14,1,0,0,0.0,808.5
Karachi,2026-02-02 23:16:26+00:00,17.6,69,1018.1,7.4,72.88,150.82,425.39,3.22,9.4,120.12,4,23,0,2,2,0,0,0.483225036467312,1214.4
Karachi,2026-02-01 19:18:26+00:00,21.6,71,1017.9,9.2,18.18,49.48,171.97,0.37,1.44,111.97,3,19,6,1,2,1,1,0.36742118027485854,1533.6000000000001
Karachi,2026-01-04 12:00:00+00:00,22.3,54,1020.1,4.7,0.0,0.0,0.0,0.0,0.0,0.0,0,12,6,4,1,1,0,0.0,1204.2
Karachi,2026-01-16 17:00:00+00:00,24.0,54,1013.3,11.8,0.0,0.0,0.0,0.0,0.0,0.0,0,17,4,16,1,0,1,0.0,1296.0
Karachi,2026-02-04 01:29:05+00:00,17.3,69,1018.8,9.6,84.24,151.19,627.27,4.68,9.66,111.88,5,1,2,4,2,0,0,0.5571797076526225,1193.7
Karachi,2026-01-20 09:00:00+00:00,17.5,68,1017.6,4.5,0.0,0.0,0.0,0.0,0.0,0.0,0,9,1,20,1,0,1,0.0,1190.0
Karachi,2026-01-28 14:00:00+00:00,23.4,29,1020.5,7.0,0.0,0.0,0.0,0.0,0.0,0.0,0,14,2,28,1,0,0,0.0,678.5999999999999
Karachi,2026-01-24 16:00:00+00:00,19.4,26,1020.4,15.7,0.0,0.0,0.0,0.0,0.0,0.0,0,16,5,24,1,1,0,0.0,504.4
Karachi,2026-01-07 03:00:00+00:00,16.4,60,1020.6,11.3,0.0,0.0,0.0,0.0,0.0,0.0,0,3,2,7,1,0,0,0.0,983.9999999999999
Karachi,2026-01-15 02:00:00+00:00,19.2,85,1016.0,7.1,0.0,0.0,0.0,0.0,0.0,0.0,0,2,3,15,1,0,0,0.0,1632.0
Karachi,2026-01-22 05:00:00+00:00,16.9,82,1014.1,3.6,0.0,0.0,0.0,0.0,0.0,0.0,0,5,3,22,1,0,0,0.0,1385.8
Karachi,2026-01-16 11:00:00+00:00,23.2,62,1017.2,4.8,0.0,0.0,0.0,0.0,0.0,0.0,0,11,4,16,1,0,0,0.0,1438.3999999999999
Karachi,2026-01-06 21:00:00+00:00,20.0,41,1021.3,12.5,0.0,0.0,0.0,0.0,0.0,0.0,0,21,1,6,1,0,0,0.0,820.0
Karachi,2026-01-08 18:00:00+00:00,21.0,22,1019.8,9.7,0.0,0.0,0.0,0.0,0.0,0.0,0,18,3,8,1,0,1,0.0,462.0
Karachi,2026-01-30 05:00:00+00:00,15.7,55,1017.9,11.7,0.0,0.0,0.0,0.0,0.0,0.0,0,5,4,30,1,0,0,0.0,863.5
Karachi,2026-01-12 02:00:00+00:00,13.6,49,1021.6,9.6,0.0,0.0,0.0,0.0,0.0,0.0,0,2,0,12,1,0,0,0.0,666.4
Karachi,2026-01-31 05:00:00+00:00,15.2,57,1017.2,8.9,0.0,0.0,0.0,0.0,0.0,0.0,0,5,5,31,1,1,0,0.0,866.4
Karachi,2026-01-23 23:00:00+00:00,12.1,60,1019.1,3.8,0.0,0.0,0.0,0.0,0.0,0.0,0,23,4,23,1,0,0,0.0,726.0
Karachi,2026-01-02 12:00:00+00:00,22.9,38,1020.4,5.1,0.0,0.0,0.0,0.0,0.0,0.0,0,12,4,2,1,0,0,0.0,870.1999999999999
Karachi,2026-01-27 19:00:00+00:00,19.1,43,1019.3,8.3,0.0,0.0,0.0,0.0,0.0,0.0,0,19,1,27,1,0,1,0.0,821.3000000000001
Karachi,2026-01-08 14:00:00+00:00,22.5,18,1020.3,10.8,0.0,0.0,0.0,0.0,0.0,0.0,0,14,3,8,1,0,0,0.0,405.0
Karachi,2026-02-04 17:42:01+00:00,21.1,51,1019.3,15.3,57.68,108.15,435.5,5.22,9.05,129.15,4,17,2,4,2,0,1,0.5333333333333333,1076.1000000000001
Karachi,2026-01-02 08:00:00+00:00,15.6,65,1019.3,9.3,0.0,0.0,0.0,0.0,0.0,0.0,0,8,4,2,1,0,1,0.0,1014.0
Karachi,2026-01-30 23:00:00+00:00,18.4,52,1017.9,5.9,0.0,0.0,0.0,0.0,0.0,0.0,0,23,4,30,1,0,0,0.0,956.8
Karachi,2026-02-01 20:00:00+00:00,21.1,79,1018.2,8.3,0.0,0.0,0.0,0.0,0.0,0.0,0,20,6,1,2,1,0,0.0,1666.9
Karachi,2026-02-05 07:48:26+00:00,27.7,28,1019.3,22.3,71.16,150.36,357.06,2.27,8.17,140.85,4,7,3,5,2,0,1,0.4732641660015961,775.6
Karachi,2026-01-26 14:00:00+00:00,21.3,25,1016.7,9.3,0.0,0.0,0.0,0.0,0.0,0.0,0,14,0,26,1,0,0,0.0,532.5
Karachi,2026-01-17 00:00:00+00:00,21.0,77,1013.8,8.8,0.0,0.0,0.0,0.0,0.0,0.0,0,0,5,17,1,1,0,0.0,1617.0
Karachi,2026-01-31 01:00:00+00:00,17.6,46,1017.5,6.9,0.0,0.0,0.0,0.0,0.0,0.0,0,1,5,31,1,1,0,0.0,809.6
Karachi,2026-01-10 11:00:00+00:00,19.5,30,1022.7,8.3,0.0,0.0,0.0,0.0,0.0,0.0,0,11,5,10,1,1,0,0.0,585.0
Karachi,2026-01-17 23:00:00+00:00,20.0,74,1013.1,4.0,0.0,0.0,0.0,0.0,0.0,0.0,0,23,5,17,1,1,0,0.0,1480.0
Karachi,2026-01-22 02:00:00+00:00,18.4,79,1015.5,2.3,0.0,0.0,0.0,0.0,0.0,0.0,0,2,3,22,1,0,0,0.0,1453.6
Karachi,2026-01-12 12:00:00+00:00,20.5,28,1021.8,1.8,0.0,0.0,0.0,0.0,0.0,0.0,0,12,0,12,1,0,0,0.0,574.0
Karachi,2026-02-04 19:36:26+00:00,20.1,58,1018.6,17.8,53.34,107.03,417.25,4.82,8.56,116.43,4,19,2,4,2,0,1,0.4983649444081099,1165.8000000000002
Karachi,2026-01-14 17:00:00+00:00,22.9,66,1016.0,9.6,0.0,0.0,0.0,0.0,0.0,0.0,0,17,2,14,1,0,1,0.0,1511.3999999999999
Karachi,2026-01-28 07:00:00+00:00,14.0,55,1021.7,9.1,0.0,0.0,0.0,0.0,0.0,0.0,0,7,2,28,1,0,1,0.0,770.0
Karachi,2026-01-18 17:00:00+00:00,22.9,58,1011.9,10.0,0.0,0.0,0.0,0.0,0.0,0.0,0,17,6,18,1,1,1,0.0,1328.1999999999998
Karachi,2026-01-09 03:00:00+00:00,14.5,49,1020.8,9.9,0.0,0.0,0.0,0.0,0.0,0.0,0,3,4,9,1,0,0,0.0,710.5
Karachi,2026-02-03 13:58:28+00:00,23.5,55,1017.7,6.9,114.84,203.67,512.78,1.92,10.31,185.76,5,13,1,3,2,0,0,0.5638532920901459,1292.5
Karachi,2026-01-11 23:00:00+00:00,15.4,42,1022.3,10.8,0.0,0.0,0.0,0.0,0.0,0.0,0,23,6,11,1,1,0,0.0,646.8000000000001
Karachi,2026-01-15 15:00:00+00:00,24.5,56,1015.3,11.1,0.0,0.0,0.0,0.0,0.0,0.0,0,15,3,15,1,0,0,0.0,1372.0
Karachi,2026-01-02 09:00:00+00:00,17.1,58,1020.3,7.5,0.0,0.0,0.0,0.0,0.0,0.0,0,9,4,2,1,0,1,0.0,991.8000000000001
Karachi,2026-01-10 16:00:00+00:00,23.3,23,1018.8,5.9,0.0,0.0,0.0,0.0,0.0,0.0,0,16,5,10,1,1,0,0.0,535.9
Karachi,2026-01-17 20:00:00+00:00,21.6,68,1012.6,7.5,0.0,0.0,0.0,0.0,0.0,0.0,0,20,5,17,1,1,0,0.0,1468.8000000000002
Karachi,2026-01-22 07:00:00+00:00,16.6,85,1014.6,4.9,0.0,0.0,0.0,0.0,0.0,0.0,0,7,3,22,1,0,1,0.0,1411.0000000000002
Karachi,2026-01-14 11:00:00+00:00,21.6,50,1019.8,2.9,0.0,0.0,0.0,0.0,0.0,0.0,0,11,2,14,1,0,0,0.0,1080.0
Karachi,2026-02-05 13:53:13.695346+00:00,28.5,26,1018.4,19.1,74.83,152.78,361.97,1.8,8.41,150.44,4,13,3,5,2,0,0,0.4897892394292446,741.0
Karachi,2026-01-07 02:00:00+00:00,16.8,59,1021.1,10.3,0.0,0.0,0.0,0.0,0.0,0.0,0,2,2,7,1,0,0,0.0,991.2
Karachi,2026-01-30 20:00:00+00:00,19.9,48,1017.2,10.1,0.0,0.0,0.0,0.0,0.0,0.0,0,20,4,30,1,0,0,0.0,955.1999999999999
Karachi,2026-01-18 12:00:00+00:00,23.3,56,1014.2,5.1,0.0,0.0,0.0,0.0,0.0,0.0,0,12,6,18,1,1,0,0.0,1304.8
Karachi,2026-01-08 22:00:00+00:00,17.0,39,1021.7,10.9,0.0,0.0,0.0,0.0,0.0,0.0,0,22,3,8,1,0,0,0.0,663.0
Karachi,2026-01-07 18:00:00+00:00,21.8,28,1019.6,12.2,0.0,0.0,0.0,0.0,0.0,0.0,0,18,2,7,1,0,1,0.0,610.4
Karachi,2026-01-30 22:00:00+00:00,18.8,52,1018.0,6.7,0.0,0.0,0.0,0.0,0.0,0.0,0,22,4,30,1,0,0,0.0,977.6
Karachi,2026-01-21 23:00:00+00:00,19.2,71,1016.4,4.3,0.0,0.0,0.0,0.0,0.0,0.0,0,23,2,21,1,0,0,0.0,1363.2
Karachi,2026-02-01 19:00:00+00:00,21.8,75,1017.6,8.3,0.0,0.0,0.0,0.0,0.0,0.0,0,19,6,1,2,1,1,0.0,1635.0
Karachi,2026-01-23 20:00:00+00:00,14.1,50,1018.7,6.8,0.0,0.0,0.0,0.0,0.0,0.0,0,20,4,23,1,0,0,0.0,705.0
Karachi,2026-01-21 12:00:00+00:00,22.9,44,1018.3,3.9,0.0,0.0,0.0,0.0,0.0,0.0,0,12,2,21,1,0,0,0.0,1007.5999999999999
Karachi,2026-01-12 09:00:00+00:00,12.7,44,1022.2,5.7,0.0,0.0,0.0,0.0,0.0,0.0,0,9,0,12,1,0,1,0.0,558.8
Karachi,2026-01-31 20:00:00+00:00,20.1,66,1017.3,7.2,0.0,0.0,0.0,0.0,0.0,0.0,0,20,5,31,1,1,0,0.0,1326.6000000000001
Karachi,2026-02-01 10:00:00+00:00,21.1,56,1020.4,3.9,0.0,0.0,0.0,0.0,0.0,0.0,0,10,6,1,2,1,0,0.0,1181.6000000000001
Karachi,2026-01-11 20:00:00+00:00,19.0,27,1021.8,11.6,0.0,0.0,0.0,0.0,0.0,0.0,0,20,6,11,1,1,0,0.0,513.0
Karachi,2026-01-02 06:00:00+00:00,15.8,70,1017.7,8.8,0.0,0.0,0.0,0.0,0.0,0.0,0,6,4,2,1,0,0,0.0,1106.0
Karachi,2026-01-23 11:00:00+00:00,14.9,34,1020.7,11.0,0.0,0.0,0.0,0.0,0.0,0.0,0,11,4,23,1,0,0,0.0,506.6
Karachi,2026-01-13 21:00:00+00:00,19.9,53,1020.2,4.3,0.0,0.0,0.0,0.0,0.0,0.0,0,21,1,13,1,0,0,0.0,1054.6999999999998
Karachi,2026-01-22 04:00:00+00:00,18.1,80,1014.2,0.4,0.0,0.0,0.0,0.0,0.0,0.0,0,4,3,22,1,0,0,0.0,1448.0
Karachi,2026-01-12 14:00:00+00:00,22.8,33,1019.5,4.1,0.0,0.0,0.0,0.0,0.0,0.0,0,14,0,12,1,0,0,0.0,752.4
Karachi,2026-01-02 23:00:00+00:00,19.0,56,1019.1,5.9,0.0,0.0,0.0,0.0,0.0,0.0,0,23,4,2,1,0,0,0.0,1064.0
Karachi,2026-01-08 06:00:00+00:00,14.9,52,1021.4,14.3,0.0,0.0,0.0,0.0,0.0,0.0,0,6,3,8,1,0,0,0.0,774.8000000000001
Karachi,2026-01-12 17:00:00+00:00,21.2,50,1018.6,8.7,0.0,0.0,0.0,0.0,0.0,0.0,0,17,0,12,1,0,1,0.0,1060.0
Karachi,2026-01-14 14:00:00+00:00,23.9,56,1016.8,10.4,0.0,0.0,0.0,0.0,0.0,0.0,0,14,2,14,1,0,0,0.0,1338.3999999999999
Karachi,2026-01-03 03:00:00+00:00,16.2,56,1018.3,6.5,0.0,0.0,0.0,0.0,0.0,0.0,0,3,5,3,1,1,0,0.0,907.1999999999999
Karachi,2026-01-26 17:00:00+00:00,21.3,25,1015.6,5.6,0.0,0.0,0.0,0.0,0.0,0.0,0,17,0,26,1,0,1,0.0,532.5
Karachi,2026-02-03 08:31:50+00:00,27.4,30,1018.2,13.0,109.86,218.05,480.98,1.95,8.95,160.46,5,8,1,3,2,0,1,0.5038293969273102,822.0
Karachi,2026-01-17 03:00:00+00:00,20.5,83,1012.9,8.0,0.0,0.0,0.0,0.0,0.0,0.0,0,3,5,17,1,1,0,0.0,1701.5
Karachi,2026-02-01 14:00:00+00:00,25.5,43,1017.3,8.9,0.0,0.0,0.0,0.0,0.0,0.0,0,14,6,1,2,1,0,0.0,1096.5
Karachi,2026-01-12 04:00:00+00:00,12.8,48,1021.2,8.9,0.0,0.0,0.0,0.0,0.0,0.0,0,4,0,12,1,0,0,0.0,614.4000000000001
Karachi,2026-01-02 14:00:00+00:00,24.4,33,1018.2,2.5,0.0,0.0,0.0,0.0,0.0,0.0,0,14,4,2,1,0,0,0.0,805.1999999999999
Karachi,2026-01-08 11:00:00+00:00,19.5,36,1023.8,12.6,0.0,0.0,0.0,0.0,0.0,0.0,0,11,3,8,1,0,0,0.0,702.0
Karachi,2026-01-25 01:00:00+00:00,13.8,43,1021.9,17.5,0.0,0.0,0.0,0.0,0.0,0.0,0,1,6,25,1,1,0,0.0,593.4
Karachi,2026-01-26 22:00:00+00:00,16.1,41,1018.8,11.2,0.0,0.0,0.0,0.0,0.0,0.0,0,22,0,26,1,0,0,0.0,660.1
Karachi,2026-01-17 08:00:00+00:00,19.5,83,1014.6,6.8,0.0,0.0,0.0,0.0,0.0,0.0,0,8,5,17,1,1,1,0.0,1618.5
Karachi,2026-01-29 08:00:00+00:00,13.9,56,1020.5,8.8,0.0,0.0,0.0,0.0,0.0,0.0,0,8,3,29,1,0,1,0.0,778.4
Karachi,2026-01-07 15:00:00+00:00,23.8,25,1019.1,11.8,0.0,0.0,0.0,0.0,0.0,0.0,0,15,2,7,1,0,0,0.0,595.0
Karachi,2026-02-01 22:00:00+00:00,20.2,84,1019.1,6.6,0.0,0.0,0.0,0.0,0.0,0.0,0,22,6,1,2,1,0,0.0,1696.8
Karachi,2026-01-19 18:00:00+00:00,21.6,66,1014.5,8.6,0.0,0.0,0.0,0.0,0.0,0.0,0,18,0,19,1,0,1,0.0,1425.6000000000001
Karachi,2026-01-30 02:00:00+00:00,16.6,53,1018.5,11.7,0.0,0.0,0.0,0.0,0.0,0.0,0,2,4,30,1,0,0,0.0,879.8000000000001
Karachi,2026-02-04 12:46:24+00:00,27.2,26,1017.0,19.4,79.77,155.08,409.88,3.95,9.51,172.03,5,12,2,4,2,0,0,0.5143796750064482,707.1999999999999
Karachi,2026-01-07 00:00:00+00:00,17.8,54,1021.2,10.3,0.0,0.0,0.0,0.0,0.0,0.0,0,0,2,7,1,0,0,0.0,961.2
Karachi,2026-01-16 14:00:00+00:00,24.8,53,1014.3,11.5,0.0,0.0,0.0,0.0,0.0,0.0,0,14,4,16,1,0,0,0.0,1314.4
Karachi,2026-01-23 08:00:00+00:00,9.8,54,1019.3,14.8,0.0,0.0,0.0,0.0,0.0,0.0,0,8,4,23,1,0,1,0.0,529.2
Karachi,2026-01-10 02:00:00+00:00,14.9,43,1020.6,10.8,0.0,0.0,0.0,0.0,0.0,0.0,0,2,5,10,1,1,0,0.0,640.7
Karachi,2026-01-13 18:00:00+00:00,21.2,50,1018.5,9.8,0.0,0.0,0.0,0.0,0.0,0.0,0,18,1,13,1,0,1,0.0,1060.0
Karachi,2026-01-13 16:00:00+00:00,24.2,34,1018.4,2.3,0.0,0.0,0.0,0.0,0.0,0.0,0,16,1,13,1,0,0,0.0,822.8
Karachi,2026-01-09 15:00:00+00:00,23.0,21,1019.3,5.2,0.0,0.0,0.0,0.0,0.0,0.0,0,15,4,9,1,0,0,0.0,483.0
Karachi,2026-01-29 13:00:00+00:00,23.0,28,1019.7,7.6,0.0,0.0,0.0,0.0,0.0,0.0,0,13,3,29,1,0,0,0.0,644.0
Karachi,2026-01-19 23:00:00+00:00,19.7,63,1016.0,6.6,0.0,0.0,0.0,0.0,0.0,0.0,0,23,0,19,1,0,0,0.0,1241.1
Karachi,2026-01-02 11:00:00+00:00,21.5,41,1021.0,6.8,0.0,0.0,0.0,0.0,0.0,0.0,0,11,4,2,1,0,0,0.0,881.5
Karachi,2026-02-01 17:00:00+00:00,23.9,55,1016.8,9.8,0.0,0.0,0.0,0.0,0.0,0.0,0,17,6,1,2,1,1,0.0,1314.5
Karachi,2026-02-03 23:18:54+00:00,17.5,71,1018.1,8.1,100.01,168.43,634.83,4.04,10.42,140.04,5,23,1,3,2,0,0,0.5937778305527519,1242.5
Karachi,2026-02-05 05:52:24+00:00,24.7,37,1021.1,25.7,62.7,143.33,338.89,3.53,7.75,119.78,4,5,3,5,2,0,0,0.43745203376822717,913.9
Karachi,2026-02-01 02:00:00+00:00,17.6,82,1017.7,5.6,0.0,0.0,0.0,0.0,0.0,0.0,0,2,6,1,2,1,0,0.0,1443.2
Karachi,2026-01-23 01:00:00+00:00,12.8,39,1017.1,16.1,0.0,0.0,0.0,0.0,0.0,0.0,0,1,4,23,1,0,0,0.0,499.20000000000005
Karachi,2026-01-13 11:00:00+00:00,19.7,36,1023.0,5.9,0.0,0.0,0.0,0.0,0.0,0.0,0,11,1,13,1,0,0,0.0,709.1999999999999
Karachi,2026-01-03 20:00:00+00:00,20.0,67,1017.9,5.0,0.0,0.0,0.0,0.0,0.0,0.0,0,20,5,3,1,1,0,0.0,1340.0
Karachi,2026-01-12 07:00:00+00:00,11.4,48,1021.4,8.0,0.0,0.0,0.0,0.0,0.0,0.0,0,7,0,12,1,0,1,0.0,547.2
Karachi,2026-01-26 07:00:00+00:00,13.8,47,1018.2,14.0,0.0,0.0,0.0,0.0,0.0,0.0,0,7,0,26,1,0,1,0.0,648.6
Karachi,2026-01-02 21:00:00+00:00,20.1,60,1018.8,4.0,0.0,0.0,0.0,0.0,0.0,0.0,0,21,4,2,1,0,0,0.0,1206.0
Karachi,2026-01-28 04:00:00+00:00,14.9,60,1020.1,7.3,0.0,0.0,0.0,0.0,0.0,0.0,0,4,2,28,1,0,0,0.0,894.0
Karachi,2026-01-09 00:00:00+00:00,15.6,48,1021.2,10.7,0.0,0.0,0.0,0.0,0.0,0.0,0,0,4,9,1,0,0,0.0,748.8
Karachi,2026-01-18 14:00:00+00:00,23.6,54,1012.5,8.6,0.0,0.0,0.0,0.0,0.0,0.0,0,14,6,18,1,1,0,0.0,1274.4
Karachi,2026-01-11 08:00:00+00:00,12.1,58,1023.6,10.5,0.0,0.0,0.0,0.0,0.0,0.0,0,8,6,11,1,1,1,0.0,701.8
Karachi,2026-01-10 19:00:00+00:00,21.5,29,1020.0,4.1,0.0,0.0,0.0,0.0,0.0,0.0,0,19,5,10,1,1,1,0.0,623.5
Karachi,2026-01-05 08:00:00+00:00,15.4,85,1020.9,6.8,0.0,0.0,0.0,0.0,0.0,0.0,0,8,0,5,1,0,1,0.0,1309.0
Karachi,2026-01-13 05:00:00+00:00,13.3,48,1020.3,7.6,0.0,0.0,0.0,0.0,0.0,0.0,0,5,1,13,1,0,0,0.0,638.4000000000001
Karachi,2026-01-03 15:00:00+00:00,23.0,48,1016.8,8.0,0.0,0.0,0.0,0.0,0.0,0.0,0,15,5,3,1,1,0,0.0,1104.0
Karachi,2026-01-07 05:00:00+00:00,15.6,62,1020.6,10.8,0.0,0.0,0.0,0.0,0.0,0.0,0,5,2,7,1,0,0,0.0,967.1999999999999
Karachi,2026-01-16 19:00:00+00:00,21.8,76,1013.9,6.9,0.0,0.0,0.0,0.0,0.0,0.0,0,19,4,16,1,0,1,0.0,1656.8
Karachi,2026-01-21 16:00:00+00:00,23.2,46,1014.8,7.2,0.0,0.0,0.0,0.0,0.0,0.0,0,16,2,21,1,0,0,0.0,1067.2
Karachi,2026-01-21 05:00:00+00:00,15.6,81,1015.7,5.2,0.0,0.0,0.0,0.0,0.0,0.0,0,5,2,21,1,0,0,0.0,1263.6
Karachi,2026-01-13 23:00:00+00:00,17.8,53,1020.4,3.4,0.0,0.0,0.0,0.0,0.0,0.0,0,23,1,13,1,0,0,0.0,943.4000000000001
Karachi,2026-01-04 09:00:00+00:00,16.4,74,1020.3,6.0,0.0,0.0,0.0,0.0,0.0,0.0,0,9,6,4,1,1,1,0.0,1213.6
Karachi,2026-01-29 16:00:00+00:00,23.6,27,1017.1,6.1,0.0,0.0,0.0,0.0,0.0,0.0,0,16,3,29,1,0,0,0.0,637.2
Karachi,2026-01-06 06:00:00+00:00,16.1,71,1019.7,8.3,0.0,0.0,0.0,0.0,0.0,0.0,0,6,1,6,1,0,0,0.0,1143.1000000000001
Karachi,2026-01-31 13:00:00+00:00,24.5,27,1018.0,2.5,0.0,0.0,0.0,0.0,0.0,0.0,0,13,5,31,1,1,0,0.0,661.5
Karachi,2026-01-27 23:00:00+00:00,16.7,62,1021.2,0.3,0.0,0.0,0.0,0.0,0.0,0.0,0,23,1,27,1,0,0,0.0,1035.3999999999999
Karachi,2026-01-18 09:00:00+00:00,18.1,79,1014.1,6.4,0.0,0.0,0.0,0.0,0.0,0.0,0,9,6,18,1,1,1,0.0,1429.9
Karachi,2026-02-04 15:28:41+00:00,23.2,40,1018.8,14.7,77.26,148.42,408.98,3.46,10.32,162.71,5,15,2,4,2,0,0,0.5205497911332705,928.0
Karachi,2026-01-20 06:00:00+00:00,15.8,74,1015.5,4.0,0.0,0.0,0.0,0.0,0.0,0.0,0,6,1,20,1,0,0,0.0,1169.2
Karachi,2026-01-28 17:00:00+00:00,22.4,37,1019.2,10.5,0.0,0.0,0.0,0.0,0.0,0.0,0,17,2,28,1,0,1,0.0,828.8
Karachi,2026-01-15 16:00:00+00:00,24.1,58,1014.8,11.0,0.0,0.0,0.0,0.0,0.0,0.0,0,16,3,15,1,0,0,0.0,1397.8000000000002
Karachi,2026-01-27 07:00:00+00:00,13.5,51,1020.0,9.4,0.0,0.0,0.0,0.0,0.0,0.0,0,7,1,27,1,0,1,0.0,688.5
Karachi,2026-01-14 01:00:00+00:00,17.4,46,1019.7,4.4,0.0,0.0,0.0,0.0,0.0,0.0,0,1,2,14,1,0,0,0.0,800.4
Karachi,2026-01-22 00:00:00+00:00,19.4,72,1016.2,6.7,0.0,0.0,0.0,0.0,0.0,0.0,0,0,3,22,1,0,0,0.0,1396.8
Karachi,2026-01-19 22:00:00+00:00,20.2,63,1015.7,7.4,0.0,0.0,0.0,0.0,0.0,0.0,0,22,0,19,1,0,0,0.0,1272.6
Karachi,2026-02-04 10:34:45+00:00,28.7,24,1017.0,19.7,81.11,163.01,395.64,1.8,8.56,165.76,5,10,2,4,2,0,0,0.4975768357769462,688.8
Karachi,2026-01-23 02:00:00+00:00,12.4,39,1017.3,16.6,0.0,0.0,0.0,0.0,0.0,0.0,0,2,4,23,1,0,0,0.0,483.6
Karachi,2026-01-28 23:00:00+00:00,17.4,64,1020.9,5.3,0.0,0.0,0.0,0.0,0.0,0.0,0,23,2,28,1,0,0,0.0,1113.6
Karachi,2026-01-21 00:00:00+00:00,19.3,64,1016.8,5.0,0.0,0.0,0.0,0.0,0.0,0.0,0,0,2,21,1,0,0,0.0,1235.2
Karachi,2026-01-07 14:00:00+00:00,23.8,25,1019.7,11.6,0.0,0.0,0.0,0.0,0.0,0.0,0,14,2,7,1,0,0,0.0,595.0
Karachi,2026-01-15 13:00:00+00:00,24.5,60,1016.8,11.4,0.0,0.0,0.0,0.0,0.0,0.0,0,13,3,15,1,0,0,0.0,1470.0
Karachi,2026-01-16 22:00:00+00:00,21.1,79,1014.2,7.2,0.0,0.0,0.0,0.0,0.0,0.0,0,22,4,16,1,0,0,0.0,1666.9
Karachi,2026-01-08 19:00:00+00:00,20.0,25,1020.6,11.4,0.0,0.0,0.0,0.0,0.0,0.0,0,19,3,8,1,0,1,0.0,500.0
Karachi,2026-01-20 14:00:00+00:00,24.0,40,1015.4,10.5,0.0,0.0,0.0,0.0,0.0,0.0,0,14,1,20,1,0,0,0.0,960.0
Karachi,2026-01-07 04:00:00+00:00,16.0,62,1020.6,11.7,0.0,0.0,0.0,0.0,0.0,0.0,0,4,2,7,1,0,0,0.0,992.0
Karachi,2026-01-28 13:00:00+00:00,22.9,31,1021.7,6.7,0.0,0.0,0.0,0.0,0.0,0.0,0,13,2,28,1,0,0,0.0,709.9
Karachi,2026-01-15 03:00:00+00:00,18.7,88,1015.6,4.6,0.0,0.0,0.0,0.0,0.0,0.0,0,3,3,15,1,0,0,0.0,1645.6
Karachi,2026-02-02 15:34:22+00:00,22.4,60,1018.7,2.1,125.9,245.89,536.5,1.23,9.2,184.94,5,15,0,2,2,0,0,0.5120175688315914,1344.0
Karachi,2026-02-03 11:31:12+00:00,26.7,37,1017.1,6.0,111.82,207.61,484.41,1.86,9.04,176.67,5,11,1,3,2,0,0,0.5386060401714753,987.9
Karachi,2026-01-22 03:00:00+00:00,18.2,79,1014.8,0.4,0.0,0.0,0.0,0.0,0.0,0.0,0,3,3,22,1,0,0,0.0,1437.8
Karachi,2026-01-16 05:00:00+00:00,16.9,89,1015.2,3.5,0.0,0.0,0.0,0.0,0.0,0.0,0,5,4,16,1,0,0,0.0,1504.1
Karachi,2026-01-20 01:00:00+00:00,18.9,62,1015.3,5.0,0.0,0.0,0.0,0.0,0.0,0.0,0,1,1,20,1,0,0,0.0,1171.8
Karachi,2026-01-08 20:00:00+00:00,19.0,28,1021.2,12.2,0.0,0.0,0.0,0.0,0.0,0.0,0,20,3,8,1,0,0,0.0,532.0
Karachi,2026-01-19 05:00:00+00:00,16.9,85,1014.0,3.0,0.0,0.0,0.0,0.0,0.0,0.0,0,5,0,19,1,0,0,0.0,1436.4999999999998
Karachi,2026-01-19 15:00:00+00:00,24.2,50,1014.8,10.4,0.0,0.0,0.0,0.0,0.0,0.0,0,15,0,19,1,0,0,0.0,1210.0
Karachi,2026-01-04 08:00:00+00:00,14.8,84,1019.5,7.0,0.0,0.0,0.0,0.0,0.0,0.0,0,8,6,4,1,1,1,0.0,1243.2
Karachi,2026-01-15 23:00:00+00:00,19.1,84,1016.4,3.2,0.0,0.0,0.0,0.0,0.0,0.0,0,23,3,15,1,0,0,0.0,1604.4
Karachi,2026-01-06 05:00:00+00:00,16.4,70,1019.1,8.8,0.0,0.0,0.0,0.0,0.0,0.0,0,5,1,6,1,0,0,0.0,1148.0
Karachi,2026-01-15 06:00:00+00:00,16.4,93,1015.6,1.8,0.0,0.0,0.0,0.0,0.0,0.0,0,6,3,15,1,0,0,0.0,1525.1999999999998
Karachi,2026-01-21 14:00:00+00:00,23.7,42,1016.0,7.6,0.0,0.0,0.0,0.0,0.0,0.0,0,14,2,21,1,0,0,0.0,995.4
Karachi,2026-01-19 06:00:00+00:00,16.9,85,1014.1,4.0,0.0,0.0,0.0,0.0,0.0,0.0,0,6,0,19,1,0,0,0.0,1436.4999999999998
Karachi,2026-01-15 10:00:00+00:00,20.7,78,1018.2,2.8,0.0,0.0,0.0,0.0,0.0,0.0,0,10,3,15,1,0,0,0.0,1614.6
Karachi,2026-01-21 03:00:00+00:00,16.9,74,1015.9,5.8,0.0,0.0,0.0,0.0,0.0,0.0,0,3,2,21,1,0,0,0.0,1250.6
Karachi,2026-01-03 09:00:00+00:00,16.1,61,1020.0,5.8,0.0,0.0,0.0,0.0,0.0,0.0,0,9,5,3,1,1,1,0.0,982.1000000000001
Karachi,2026-01-05 06:00:00+00:00,15.8,88,1019.6,6.9,0.0,0.0,0.0,0.0,0.0,0.0,0,6,0,5,1,0,0,0.0,1390.4
Karachi,2026-01-15 00:00:00+00:00,19.6,84,1017.2,7.5,0.0,0.0,0.0,0.0,0.0,0.0,0,0,3,15,1,0,0,0.0,1646.4
Karachi,2026-01-16 21:00:00+00:00,21.3,79,1014.3,7.3,0.0,0.0,0.0,0.0,0.0,0.0,0,21,4,16,1,0,0,0.0,1682.7
Karachi,2026-01-11 14:00:00+00:00,23.5,17,1021.3,8.3,0.0,0.0,0.0,0.0,0.0,0.0,0,14,6,11,1,1,0,0.0,399.5
Karachi,2026-01-24 01:00:00+00:00,12.2,56,1018.9,6.1,0.0,0.0,0.0,0.0,0.0,0.0,0,1,5,24,1,1,0,0.0,683.1999999999999
Karachi,2026-01-10 15:00:00+00:00,23.3,23,1019.2,6.1,0.0,0.0,0.0,0.0,0.0,0.0,0,15,5,10,1,1,0,0.0,535.9
Karachi,2026-01-25 22:00:00+00:00,15.5,43,1019.8,11.8,0.0,0.0,0.0,0.0,0.0,0.0,0,22,6,25,1,1,0,0.0,666.5
Karachi,2026-01-29 22:00:00+00:00,19.5,41,1019.1,11.6,0.0,0.0,0.0,0.0,0.0,0.0,0,22,3,29,1,0,0,0.0,799.5
Karachi,2026-01-31 19:00:00+00:00,20.9,60,1017.0,9.0,0.0,0.0,0.0,0.0,0.0,0.0,0,19,5,31,1,1,1,0.0,1254.0
Karachi,2026-01-27 01:00:00+00:00,15.6,40,1018.1,10.8,0.0,0.0,0.0,0.0,0.0,0.0,0,1,1,27,1,0,0,0.0,624.0
Karachi,2026-02-02 11:28:07+00:00,27.8,30,1016.6,3.9,129.89,271.47,558.98,2.32,11.3,186.68,5,11,0,2,2,0,0,0.47846907577264514,834.0
Karachi,2026-01-25 10:00:00+00:00,14.4,42,1022.6,15.4,0.0,0.0,0.0,0.0,0.0,0.0,0,10,6,25,1,1,0,0.0,604.8000000000001
Karachi,2026-01-07 21:00:00+00:00,18.7,40,1021.6,12.9,0.0,0.0,0.0,0.0,0.0,0.0,0,21,2,7,1,0,0,0.0,748.0
Karachi,2026-01-09 22:00:00+00:00,17.3,31,1021.1,11.0,0.0,0.0,0.0,0.0,0.0,0.0,0,22,4,9,1,0,0,0.0,536.3000000000001
Karachi,2026-01-13 02:00:00+00:00,15.1,52,1021.0,6.2,0.0,0.0,0.0,0.0,0.0,0.0,0,2,1,13,1,0,0,0.0,785.1999999999999
Karachi,2026-01-11 17:00:00+00:00,23.0,16,1020.1,9.5,0.0,0.0,0.0,0.0,0.0,0.0,0,17,6,11,1,1,1,0.0,368.0
Karachi,2026-02-01 09:00:00+00:00,18.4,71,1019.9,6.1,0.0,0.0,0.0,0.0,0.0,0.0,0,9,6,1,2,1,1,0.0,1306.3999999999999
Karachi,2026-01-07 08:00:00+00:00,15.4,61,1022.0,11.5,0.0,0.0,0.0,0.0,0.0,0.0,0,8,2,7,1,0,1,0.0,939.4
Karachi,2026-02-03 17:43:38+00:00,20.0,72,1018.4,4.0,111.36,186.09,499.09,1.12,10.24,184.14,5,17,1,3,2,0,1,0.5984201192971143,1440.0
Karachi,2026-01-05 17:00:00+00:00,22.9,52,1017.9,7.9,0.0,0.0,0.0,0.0,0.0,0.0,0,17,0,5,1,0,1,0.0,1190.8
Karachi,2026-01-11 07:00:00+00:00,12.1,58,1023.0,10.6,0.0,0.0,0.0,0.0,0.0,0.0,0,7,6,11,1,1,1,0.0,701.8
Karachi,2026-01-06 22:00:00+00:00,19.2,46,1021.5,12.0,0.0,0.0,0.0,0.0,0.0,0.0,0,22,1,6,1,0,0,0.0,883.1999999999999
Karachi,2026-01-24 11:00:00+00:00,16.5,41,1024.8,12.7,0.0,0.0,0.0,0.0,0.0,0.0,0,11,5,24,1,1,0,0.0,676.5
Karachi,2026-01-30 10:00:00+00:00,19.5,42,1020.1,8.6,0.0,0.0,0.0,0.0,0.0,0.0,0,10,4,30,1,0,0,0.0,819.0
Karachi,2026-01-12 03:00:00+00:00,13.2,49,1021.3,8.9,0.0,0.0,0.0,0.0,0.0,0.0,0,3,0,12,1,0,0,0.0,646.8
Karachi,2026-01-26 05:00:00+00:00,13.6,47,1017.1,13.6,0.0,0.0,0.0,0.0,0.0,0.0,0,5,0,26,1,0,0,0.0,639.1999999999999
Karachi,2026-01-11 04:00:00+00:00,13.4,55,1021.7,9.6,0.0,0.0,0.0,0.0,0.0,0.0,0,4,6,11,1,1,0,0.0,737.0
Karachi,2026-01-28 06:00:00+00:00,14.4,53,1020.9,8.1,0.0,0.0,0.0,0.0,0.0,0.0,0,6,2,28,1,0,0,0.0,763.2
Karachi,2026-01-31 00:00:00+00:00,18.2,47,1017.6,7.2,0.0,0.0,0.0,0.0,0.0,0.0,0,0,5,31,1,1,0,0.0,855.4
Karachi,2026-02-01 21:00:00+00:00,20.6,82,1018.7,7.5,0.0,0.0,0.0,0.0,0.0,0.0,0,21,6,1,2,1,0,0.0,1689.2
Karachi,2026-01-02 07:00:00+00:00,15.5,68,1018.5,9.0,0.0,0.0,0.0,0.0,0.0,0.0,0,7,4,2,1,0,1,0.0,1054.0
Karachi,2026-01-27 14:00:00+00:00,22.6,22,1019.3,9.1,0.0,0.0,0.0,0.0,0.0,0.0,0,14,1,27,1,0,0,0.0,497.20000000000005
Karachi,2026-01-04 04:00:00+00:00,15.7,89,1017.7,5.7,0.0,0.0,0.0,0.0,0.0,0.0,0,4,6,4,1,1,0,0.0,1397.3
Karachi,2026-01-29 11:00:00+00:00,20.8,35,1021.7,8.5,0.0,0.0,0.0,0.0,0.0,0.0,0,11,3,29,1,0,0,0.0,728.0
Karachi,2026-01-26 15:00:00+00:00,21.6,25,1016.1,7.6,0.0,0.0,0.0,0.0,0.0,0.0,0,15,0,26,1,0,0,0.0,540.0
Karachi,2026-01-30 11:00:00+00:00,21.9,35,1020.2,8.7,0.0,0.0,0.0,0.0,0.0,0.0,0,11,4,30,1,0,0,0.0,766.5
Karachi,2026-01-13 15:00:00+00:00,24.4,33,1018.8,1.6,0.0,0.0,0.0,0.0,0.0,0.0,0,15,1,13,1,0,0,0.0,805.1999999999999
Karachi,2026-01-26 19:00:00+00:00,19.6,28,1017.3,7.9,0.0,0.0,0.0,0.0,0.0,0.0,0,19,0,26,1,0,1,0.0,548.8000000000001
Karachi,2026-01-15 12:00:00+00:00,24.0,64,1017.5,7.7,0.0,0.0,0.0,0.0,0.0,0.0,0,12,3,15,1,0,0,0.0,1536.0
Karachi,2026-02-01 18:22:28+00:00,22.6,62,1017.1,11.2,23.28,56.88,195.55,0.47,2.2,118.29,3,18,6,1,2,1,1,0.4092827004219409,1401.2
Karachi,2026-01-10 05:00:00+00:00,13.7,47,1020.6,11.2,0.0,0.0,0.0,0.0,0.0,0.0,0,5,5,10,1,1,0,0.0,643.9
Karachi,2026-01-09 18:00:00+00:00,21.8,23,1018.9,2.0,0.0,0.0,0.0,0.0,0.0,0.0,0,18,4,9,1,0,1,0.0,501.40000000000003
Karachi,2026-02-03 22:25:11+00:00,17.9,72,1018.3,7.4,106.31,175.93,612.84,3.48,11.05,155.41,5,22,1,3,2,0,0,0.6042744273290513,1288.8
Karachi,2026-01-24 05:00:00+00:00,9.7,60,1020.1,8.7,0.0,0.0,0.0,0.0,0.0,0.0,0,5,5,24,1,1,0,0.0,582.0
Karachi,2026-01-26 02:00:00+00:00,14.2,46,1018.0,13.4,0.0,0.0,0.0,0.0,0.0,0.0,0,2,0,26,1,0,0,0.0,653.1999999999999
Karachi,2026-01-30 01:00:00+00:00,17.1,52,1018.7,11.6,0.0,0.0,0.0,0.0,0.0,0.0,0,1,4,30,1,0,0,0.0,889.2
Karachi,2026-01-31 22:00:00+00:00,19.3,73,1018.0,6.6,0.0,0.0,0.0,0.0,0.0,0.0,0,22,5,31,1,1,0,0.0,1408.9
Karachi,2026-01-26 09:00:00+00:00,15.3,43,1020.4,11.6,0.0,0.0,0.0,0.0,0.0,0.0,0,9,0,26,1,0,1,0.0,657.9
Karachi,2026-01-20 15:00:00+00:00,23.7,39,1015.0,10.5,0.0,0.0,0.0,0.0,0.0,0.0,0,15,1,20,1,0,0,0.0,924.3
Karachi,2026-01-09 08:00:00+00:00,13.2,49,1021.3,8.0,0.0,0.0,0.0,0.0,0.0,0.0,0,8,4,9,1,0,1,0.0,646.8
Karachi,2026-01-09 12:00:00+00:00,21.0,25,1022.3,7.1,0.0,0.0,0.0,0.0,0.0,0.0,0,12,4,9,1,0,0,0.0,525.0
Karachi,2026-01-25 16:00:00+00:00,20.4,22,1017.8,14.4,0.0,0.0,0.0,0.0,0.0,0.0,0,16,6,25,1,1,0,0.0,448.79999999999995
Karachi,2026-01-25 20:00:00+00:00,17.1,36,1019.3,12.1,0.0,0.0,0.0,0.0,0.0,0.0,0,20,6,25,1,1,0,0.0,615.6
Karachi,2026-01-12 16:00:00+00:00,22.2,45,1018.5,9.0,0.0,0.0,0.0,0.0,0.0,0.0,0,16,0,12,1,0,0,0.0,999.0
Karachi,2026-01-06 16:00:00+00:00,24.6,26,1018.6,10.2,0.0,0.0,0.0,0.0,0.0,0.0,0,16,1,6,1,0,0,0.0,639.6
Karachi,2026-01-14 13:00:00+00:00,23.7,52,1017.8,8.6,0.0,0.0,0.0,0.0,0.0,0.0,0,13,2,14,1,0,0,0.0,1232.3999999999999
Karachi,2026-01-08 13:00:00+00:00,21.9,21,1021.6,12.4,0.0,0.0,0.0,0.0,0.0,0.0,0,13,3,8,1,0,0,0.0,459.9
Karachi,2026-01-31 23:00:00+00:00,18.8,76,1018.0,5.1,0.0,0.0,0.0,0.0,0.0,0.0,0,23,5,31,1,1,0,0.0,1428.8
Karachi,2026-01-03 06:00:00+00:00,14.9,64,1018.2,5.3,0.0,0.0,0.0,0.0,0.0,0.0,0,6,5,3,1,1,0,0.0,953.6
Karachi,2026-01-05 03:00:00+00:00,16.5,93,1018.5,6.6,0.0,0.0,0.0,0.0,0.0,0.0,0,3,0,5,1,0,0,0.0,1534.5
Karachi,2026-01-10 03:00:00+00:00,14.3,46,1020.6,10.6,0.0,0.0,0.0,0.0,0.0,0.0,0,3,5,10,1,1,0,0.0,657.8000000000001
Karachi,2026-02-04 20:20:23+00:00,19.9,60,1018.4,18.3,53.34,107.03,417.25,4.82,8.56,116.43,4,20,2,4,2,0,0,0.4983649444081099,1194.0
Karachi,2026-01-09 16:00:00+00:00,23.1,21,1018.7,4.8,0.0,0.0,0.0,0.0,0.0,0.0,0,16,4,9,1,0,0,0.0,485.1
Karachi,2026-01-14 03:00:00+00:00,15.9,52,1018.9,4.0,0.0,0.0,0.0,0.0,0.0,0.0,0,3,2,14,1,0,0,0.0,826.8000000000001
Karachi,2026-01-20 00:00:00+00:00,19.5,62,1015.6,6.4,0.0,0.0,0.0,0.0,0.0,0.0,0,0,1,20,1,0,0,0.0,1209.0
Karachi,2026-01-06 18:00:00+00:00,22.9,30,1019.4,10.9,0.0,0.0,0.0,0.0,0.0,0.0,0,18,1,6,1,0,1,0.0,687.0
Karachi,2026-02-01 03:00:00+00:00,17.3,83,1017.4,5.8,0.0,0.0,0.0,0.0,0.0,0.0,0,3,6,1,2,1,0,0.0,1435.9
Karachi,2026-01-17 02:00:00+00:00,20.6,81,1013.2,7.5,0.0,0.0,0.0,0.0,0.0,0.0,0,2,5,17,1,1,0,0.0,1668.6000000000001
Karachi,2026-01-15 19:00:00+00:00,22.1,73,1015.4,8.0,0.0,0.0,0.0,0.0,0.0,0.0,0,19,3,15,1,0,1,0.0,1613.3000000000002
Karachi,2026-02-05 01:29:29+00:00,19.2,60,1018.3,19.7,59.74,145.49,329.19,2.68,6.66,107.64,4,1,3,5,2,0,0,0.41061241322427655,1152.0
Karachi,2026-01-27 10:00:00+00:00,16.8,41,1022.1,5.0,0.0,0.0,0.0,0.0,0.0,0.0,0,10,1,27,1,0,0,0.0,688.8000000000001
Karachi,2026-01-04 18:00:00+00:00,21.0,60,1017.8,7.3,0.0,0.0,0.0,0.0,0.0,0.0,0,18,6,4,1,1,1,0.0,1260.0
Karachi,2026-01-22 10:00:00+00:00,22.2,66,1015.3,17.6,0.0,0.0,0.0,0.0,0.0,0.0,0,10,3,22,1,0,0,0.0,1465.2
Karachi,2026-01-08 17:00:00+00:00,21.9,20,1019.4,10.4,0.0,0.0,0.0,0.0,0.0,0.0,0,17,3,8,1,0,1,0.0,438.0
Karachi,2026-01-13 04:00:00+00:00,13.9,47,1020.5,8.1,0.0,0.0,0.0,0.0,0.0,0.0,0,4,1,13,1,0,0,0.0,653.3000000000001
Karachi,2026-01-20 08:00:00+00:00,15.6,77,1016.7,5.2,0.0,0.0,0.0,0.0,0.0,0.0,0,8,1,20,1,0,1,0.0,1201.2
Karachi,2026-02-01 11:00:00+00:00,23.1,49,1020.4,2.4,0.0,0.0,0.0,0.0,0.0,0.0,0,11,6,1,2,1,0,0.0,1131.9
Karachi,2026-01-19 01:00:00+00:00,20.2,76,1013.8,0.5,0.0,0.0,0.0,0.0,0.0,0.0,0,1,0,19,1,0,0,0.0,1535.2
Karachi,2026-01-23 12:00:00+00:00,16.1,29,1020.1,12.8,0.0,0.0,0.0,0.0,0.0,0.0,0,12,4,23,1,0,0,0.0,466.90000000000003
Karachi,2026-01-29 09:00:00+00:00,15.4,51,1021.0,8.7,0.0,0.0,0.0,0.0,0.0,0.0,0,9,3,29,1,0,1,0.0,785.4
Karachi,2026-01-02 17:00:00+00:00,23.8,36,1017.1,6.7,0.0,0.0,0.0,0.0,0.0,0.0,0,17,4,2,1,0,1,0.0,856.8000000000001
Karachi,2026-02-05 04:10:31+00:00,20.2,53,1020.5,20.9,60.01,142.92,318.56,3.4,6.93,109.43,4,4,3,5,2,0,0,0.41988525048978453,1070.6
Karachi,2026-01-14 20:00:00+00:00,20.8,78,1017.3,5.5,0.0,0.0,0.0,0.0,0.0,0.0,0,20,2,14,1,0,0,0.0,1622.4
Karachi,2026-01-26 11:00:00+00:00,18.3,36,1020.2,15.6,0.0,0.0,0.0,0.0,0.0,0.0,0,11,0,26,1,0,0,0.0,658.8000000000001
Karachi,2026-01-13 01:00:00+00:00,16.0,62,1021.0,6.1,0.0,0.0,0.0,0.0,0.0,0.0,0,1,1,13,1,0,0,0.0,992.0
Karachi,2026-01-03 19:00:00+00:00,20.8,61,1017.4,6.7,0.0,0.0,0.0,0.0,0.0,0.0,0,19,5,3,1,1,1,0.0,1268.8
Karachi,2026-01-25 04:00:00+00:00,12.8,45,1021.7,16.6,0.0,0.0,0.0,0.0,0.0,0.0,0,4,6,25,1,1,0,0.0,576.0
Karachi,2026-01-17 12:00:00+00:00,25.0,56,1015.0,9.6,0.0,0.0,0.0,0.0,0.0,0.0,0,12,5,17,1,1,0,0.0,1400.0
Karachi,2026-02-03 12:47:25+00:00,25.1,47,1017.2,8.3,111.16,203.23,486.72,2.23,9.25,178.14,5,12,1,3,2,0,0,0.5469664911676426,1179.7
Karachi,2026-01-04 02:00:00+00:00,16.9,84,1017.9,4.6,0.0,0.0,0.0,0.0,0.0,0.0,0,2,6,4,1,1,0,0.0,1419.6
Karachi,2026-01-31 12:00:00+00:00,23.5,29,1019.2,1.1,0.0,0.0,0.0,0.0,0.0,0.0,0,12,5,31,1,1,0,0.0,681.5
Karachi,2026-01-22 13:00:00+00:00,21.6,72,1014.1,15.4,0.0,0.0,0.0,0.0,0.0,0.0,0,13,3,22,1,0,0,0.0,1555.2
Karachi,2026-01-27 20:00:00+00:00,18.5,50,1020.2,6.9,0.0,0.0,0.0,0.0,0.0,0.0,0,20,1,27,1,0,0,0.0,925.0
Karachi,2026-01-26 13:00:00+00:00,19.8,28,1017.9,11.8,0.0,0.0,0.0,0.0,0.0,0.0,0,13,0,26,1,0,0,0.0,554.4
Karachi,2026-01-28 10:00:00+00:00,18.1,43,1023.8,8.3,0.0,0.0,0.0,0.0,0.0,0.0,0,10,2,28,1,0,0,0.0,778.3000000000001
Karachi,2026-01-09 06:00:00+00:00,13.4,48,1020.5,8.8,0.0,0.0,0.0,0.0,0.0,0.0,0,6,4,9,1,0,0,0.0,643.2
Karachi,2026-02-02 13:59:25+00:00,24.3,52,1017.6,6.9,138.04,273.81,592.65,2.28,10.71,197.31,5,13,0,2,2,0,0,0.5041452101822431,1263.6000000000001
Karachi,2026-02-04 08:35:23+00:00,28.5,26,1017.8,20.2,79.06,166.91,402.48,1.58,8.23,151.09,5,8,2,4,2,0,1,0.4736684440716554,741.0
Karachi,2026-01-08 03:00:00+00:00,15.6,50,1021.1,13.4,0.0,0.0,0.0,0.0,0.0,0.0,0,3,3,8,1,0,0,0.0,780.0
Karachi,2026-01-28 00:00:00+00:00,17.1,62,1021.1,0.2,0.0,0.0,0.0,0.0,0.0,0.0,0,0,2,28,1,0,0,0.0,1060.2
Karachi,2026-01-26 21:00:00+00:00,17.3,37,1018.4,11.2,0.0,0.0,0.0,0.0,0.0,0.0,0,21,0,26,1,0,0,0.0,640.1
Karachi,2026-01-07 17:00:00+00:00,22.7,27,1019.1,12.1,0.0,0.0,0.0,0.0,0.0,0.0,0,17,2,7,1,0,1,0.0,612.9
Karachi,2026-01-09 14:00:00+00:00,22.8,21,1020.2,5.5,0.0,0.0,0.0,0.0,0.0,0.0,0,14,4,9,1,0,0,0.0,478.8
Karachi,2026-01-08 07:00:00+00:00,14.6,53,1022.1,13.2,0.0,0.0,0.0,0.0,0.0,0.0,0,7,3,8,1,0,1,0.0,773.8
Karachi,2026-02-01 01:00:00+00:00,18.1,80,1017.8,5.5,0.0,0.0,0.0,0.0,0.0,0.0,0,1,6,1,2,1,0,0.0,1448.0
Karachi,2026-01-13 19:00:00+00:00,20.5,51,1019.2,5.1,0.0,0.0,0.0,0.0,0.0,0.0,0,19,1,13,1,0,1,0.0,1045.5
Karachi,2026-01-20 23:00:00+00:00,19.7,62,1016.6,3.8,0.0,0.0,0.0,0.0,0.0,0.0,0,23,1,20,1,0,0,0.0,1221.3999999999999
Karachi,2026-01-12 00:00:00+00:00,14.7,46,1021.9,10.5,0.0,0.0,0.0,0.0,0.0,0.0,0,0,0,12,1,0,0,0.0,676.1999999999999
Karachi,2026-01-24 03:00:00+00:00,11.2,57,1019.0,6.6,0.0,0.0,0.0,0.0,0.0,0.0,0,3,5,24,1,1,0,0.0,638.4
Karachi,2026-01-18 03:00:00+00:00,18.2,79,1011.5,3.1,0.0,0.0,0.0,0.0,0.0,0.0,0,3,6,18,1,1,0,0.0,1437.8
Karachi,2026-01-08 15:00:00+00:00,22.6,18,1019.7,10.5,0.0,0.0,0.0,0.0,0.0,0.0,0,15,3,8,1,0,0,0.0,406.8
Karachi,2026-01-24 23:00:00+00:00,14.4,42,1022.5,16.9,0.0,0.0,0.0,0.0,0.0,0.0,0,23,5,24,1,1,0,0.0,604.8000000000001
Karachi,2026-01-18 23:00:00+00:00,21.1,68,1014.2,6.2,0.0,0.0,0.0,0.0,0.0,0.0,0,23,6,18,1,1,0,0.0,1434.8000000000002
Karachi,2026-01-05 19:00:00+00:00,21.0,61,1019.0,7.1,0.0,0.0,0.0,0.0,0.0,0.0,0,19,0,5,1,0,1,0.0,1281.0
Karachi,2026-01-31 02:00:00+00:00,16.6,50,1017.6,7.7,0.0,0.0,0.0,0.0,0.0,0.0,0,2,5,31,1,1,0,0.0,830.0000000000001
Karachi,2026-01-02 15:00:00+00:00,24.5,32,1017.6,2.1,0.0,0.0,0.0,0.0,0.0,0.0,0,15,4,2,1,0,0,0.0,784.0
Karachi,2026-02-02 15:23:26+00:00,27.9,28,1016.8,4.1,128.29,274.75,554.98,2.24,11.22,178.7,5,15,0,2,2,0,0,0.46693357597816193,781.1999999999999
Karachi,2026-01-24 13:00:00+00:00,18.9,25,1023.1,16.5,0.0,0.0,0.0,0.0,0.0,0.0,0,13,5,24,1,1,0,0.0,472.49999999999994
Karachi,2026-01-11 01:00:00+00:00,14.9,48,1021.9,9.6,0.0,0.0,0.0,0.0,0.0,0.0,0,1,6,11,1,1,0,0.0,715.2
Karachi,2026-01-23 04:00:00+00:00,11.5,44,1017.4,14.3,0.0,0.0,0.0,0.0,0.0,0.0,0,4,4,23,1,0,0,0.0,506.0
Karachi,2026-01-17 04:00:00+00:00,20.5,83,1013.0,9.1,0.0,0.0,0.0,0.0,0.0,0.0,0,4,5,17,1,1,0,0.0,1701.5
Karachi,2026-01-30 08:00:00+00:00,15.5,55,1018.9,10.7,0.0,0.0,0.0,0.0,0.0,0.0,0,8,4,30,1,0,1,0.0,852.5
Karachi,2026-02-02 13:35:08+00:00,27.1,32,1018.5,7.1,126.52,278.43,556.77,2.48,11.01,168.02,5,13,0,2,2,0,0,0.4544050569263369,867.2
Karachi,2026-01-04 20:00:00+00:00,19.8,76,1019.2,6.8,0.0,0.0,0.0,0.0,0.0,0.0,0,20,6,4,1,1,0,0.0,1504.8
Karachi,2026-01-18 00:00:00+00:00,19.9,74,1012.5,3.9,0.0,0.0,0.0,0.0,0.0,0.0,0,0,6,18,1,1,0,0.0,1472.6
Karachi,2026-01-28 08:00:00+00:00,13.9,56,1022.5,9.0,0.0,0.0,0.0,0.0,0.0,0.0,0,8,2,28,1,0,1,0.0,778.4
Karachi,2026-01-15 04:00:00+00:00,18.4,89,1015.5,5.0,0.0,0.0,0.0,0.0,0.0,0.0,0,4,3,15,1,0,0,0.0,1637.6
Karachi,2026-01-23 14:00:00+00:00,17.2,30,1018.1,11.8,0.0,0.0,0.0,0.0,0.0,0.0,0,14,4,23,1,0,0,0.0,516.0
Karachi,2026-01-28 21:00:00+00:00,18.8,54,1020.7,5.5,0.0,0.0,0.0,0.0,0.0,0.0,0,21,2,28,1,0,0,0.0,1015.2
Karachi,2026-01-17 14:00:00+00:00,25.2,51,1012.9,13.0,0.0,0.0,0.0,0.0,0.0,0.0,0,14,5,17,1,1,0,0.0,1285.2
Karachi,2026-01-09 04:00:00+00:00,14.2,49,1020.6,9.4,0.0,0.0,0.0,0.0,0.0,0.0,0,4,4,9,1,0,0,0.0,695.8
Karachi,2026-02-03 15:36:57+00:00,22.3,56,1018.8,2.9,112.53,193.8,502.98,1.27,10.39,184.39,5,15,1,3,2,0,0,0.5806501547987616,1248.8
Karachi,2026-01-12 08:00:00+00:00,11.2,49,1021.9,7.9,0.0,0.0,0.0,0.0,0.0,0.0,0,8,0,12,1,0,1,0.0,548.8
Karachi,2026-01-25 12:00:00+00:00,17.8,29,1021.6,17.6,0.0,0.0,0.0,0.0,0.0,0.0,0,12,6,25,1,1,0,0.0,516.2
Karachi,2026-01-14 05:00:00+00:00,14.7,55,1018.4,4.0,0.0,0.0,0.0,0.0,0.0,0.0,0,5,2,14,1,0,0,0.0,808.5
Karachi,2026-01-19 12:00:00+00:00,23.6,55,1017.1,5.6,0.0,0.0,0.0,0.0,0.0,0.0,0,12,0,19,1,0,0,0.0,1298.0
Karachi,2026-01-21 09:00:00+00:00,17.0,69,1018.1,7.0,0.0,0.0,0.0,0.0,0.0,0.0,0,9,2,21,1,0,1,0.0,1173.0
Karachi,2026-01-08 05:00:00+00:00,15.0,51,1021.1,14.2,0.0,0.0,0.0,0.0,0.0,0.0,0,5,3,8,1,0,0,0.0,765.0
Karachi,2026-01-27 22:00:00+00:00,17.4,59,1020.7,1.3,0.0,0.0,0.0,0.0,0.0,0.0,0,22,1,27,1,0,0,0.0,1026.6
Karachi,2026-01-14 18:00:00+00:00,21.8,71,1016.4,7.3,0.0,0.0,0.0,0.0,0.0,0.0,0,18,2,14,1,0,1,0.0,1547.8
Karachi,2026-01-16 15:00:00+00:00,25.0,51,1013.6,11.1,0.0,0.0,0.0,0.0,0.0,0.0,0,15,4,16,1,0,0,0.0,1275.0
Karachi,2026-01-25 02:00:00+00:00,13.5,44,1021.7,17.1,0.0,0.0,0.0,0.0,0.0,0.0,0,2,6,25,1,1,0,0.0,594.0
Karachi,2026-01-26 23:00:00+00:00,15.9,42,1018.6,11.3,0.0,0.0,0.0,0.0,0.0,0.0,0,23,0,26,1,0,0,0.0,667.8000000000001
Karachi,2026-01-18 13:00:00+00:00,23.7,53,1013.3,6.8,0.0,0.0,0.0,0.0,0.0,0.0,0,13,6,18,1,1,0,0.0,1256.1
Karachi,2026-01-05 09:00:00+00:00,17.0,75,1021.5,5.1,0.0,0.0,0.0,0.0,0.0,0.0,0,9,0,5,1,0,1,0.0,1275.0
Karachi,2026-01-07 06:00:00+00:00,15.4,62,1021.2,10.6,0.0,0.0,0.0,0.0,0.0,0.0,0,6,2,7,1,0,0,0.0,954.8000000000001
Karachi,2026-01-21 17:00:00+00:00,22.6,50,1014.8,8.4,0.0,0.0,0.0,0.0,0.0,0.0,0,17,2,21,1,0,1,0.0,1130.0
Karachi,2026-02-01 13:00:00+00:00,25.3,40,1018.2,4.7,0.0,0.0,0.0,0.0,0.0,0.0,0,13,6,1,2,1,0,0.0,1012.0
Karachi,2026-01-26 00:00:00+00:00,14.7,46,1019.1,12.8,0.0,0.0,0.0,0.0,0.0,0.0,0,0,0,26,1,0,0,0.0,676.1999999999999
Karachi,2026-01-16 10:00:00+00:00,21.1,69,1017.1,2.3,0.0,0.0,0.0,0.0,0.0,0.0,0,10,4,16,1,0,0,0.0,1455.9
Karachi,2026-01-03 04:00:00+00:00,15.8,59,1018.1,5.9,0.0,0.0,0.0,0.0,0.0,0.0,0,4,5,3,1,1,0,0.0,932.2
Karachi,2026-01-24 09:00:00+00:00,12.1,45,1023.3,12.5,0.0,0.0,0.0,0.0,0.0,0.0,0,9,5,24,1,1,1,0.0,544.5
Karachi,2026-01-11 03:00:00+00:00,13.8,54,1021.6,9.1,0.0,0.0,0.0,0.0,0.0,0.0,0,3,6,11,1,1,0,0.0,745.2
Karachi,2026-01-06 20:00:00+00:00,21.0,37,1020.8,12.8,0.0,0.0,0.0,0.0,0.0,0.0,0,20,1,6,1,0,0,0.0,777.0
Karachi,2026-01-14 19:00:00+00:00,21.1,76,1016.8,6.0,0.0,0.0,0.0,0.0,0.0,0.0,0,19,2,14,1,0,1,0.0,1603.6000000000001
Karachi,2026-01-31 21:00:00+00:00,19.7,70,1017.6,6.4,0.0,0.0,0.0,0.0,0.0,0.0,0,21,5,31,1,1,0,0.0,1379.0
Karachi,2026-01-09 01:00:00+00:00,15.1,49,1021.3,10.4,0.0,0.0,0.0,0.0,0.0,0.0,0,1,4,9,1,0,0,0.0,739.9
Karachi,2026-01-09 23:00:00+00:00,16.5,35,1021.4,11.6,0.0,0.0,0.0,0.0,0.0,0.0,0,23,4,9,1,0,0,0.0,577.5
Karachi,2026-01-06 07:00:00+00:00,15.8,72,1020.6,7.4,0.0,0.0,0.0,0.0,0.0,0.0,0,7,1,6,1,0,1,0.0,1137.6000000000001
Karachi,2026-01-14 06:00:00+00:00,14.4,57,1018.5,3.3,0.0,0.0,0.0,0.0,0.0,0.0,0,6,2,14,1,0,0,0.0,820.8000000000001
Karachi,2026-01-04 16:00:00+00:00,23.0,55,1017.1,8.9,0.0,0.0,0.0,0.0,0.0,0.0,0,16,6,4,1,1,0,0.0,1265.0
Karachi,2026-01-17 22:00:00+00:00,20.8,72,1012.7,6.5,0.0,0.0,0.0,0.0,0.0,0.0,0,22,5,17,1,1,0,0.0,1497.6000000000001
Karachi,2026-01-14 09:00:00+00:00,16.4,52,1019.5,2.5,0.0,0.0,0.0,0.0,0.0,0.0,0,9,2,14,1,0,1,0.0,852.8
Karachi,2026-01-04 19:00:00+00:00,20.2,70,1018.6,7.6,0.0,0.0,0.0,0.0,0.0,0.0,0,19,6,4,1,1,1,0.0,1414.0
Karachi,2026-01-22 21:00:00+00:00,16.7,45,1015.8,17.7,0.0,0.0,0.0,0.0,0.0,0.0,0,21,3,22,1,0,0,0.0,751.5
Karachi,2026-01-30 09:00:00+00:00,17.0,50,1019.7,9.2,0.0,0.0,0.0,0.0,0.0,0.0,0,9,4,30,1,0,1,0.0,850.0
Karachi,2026-01-14 16:00:00+00:00,23.2,65,1016.2,10.7,0.0,0.0,0.0,0.0,0.0,0.0,0,16,2,14,1,0,0,0.0,1508.0
Karachi,2026-01-24 06:00:00+00:00,9.2,56,1020.8,10.5,0.0,0.0,0.0,0.0,0.0,0.0,0,6,5,24,1,1,0,0.0,515.1999999999999
Karachi,2026-01-26 03:00:00+00:00,14.1,46,1017.6,13.3,0.0,0.0,0.0,0.0,0.0,0.0,0,3,0,26,1,0,0,0.0,648.6
Karachi,2026-01-16 13:00:00+00:00,24.9,53,1015.2,11.6,0.0,0.0,0.0,0.0,0.0,0.0,0,13,4,16,1,0,0,0.0,1319.6999999999998
Karachi,2026-01-11 06:00:00+00:00,12.4,57,1022.4,10.0,0.0,0.0,0.0,0.0,0.0,0.0,0,6,6,11,1,1,0,0.0,706.8000000000001
Karachi,2026-01-30 03:00:00+00:00,16.1,55,1017.8,11.7,0.0,0.0,0.0,0.0,0.0,0.0,0,3,4,30,1,0,0,0.0,885.5000000000001
Karachi,2026-01-20 13:00:00+00:00,23.9,42,1016.3,8.5,0.0,0.0,0.0,0.0,0.0,0.0,0,13,1,20,1,0,0,0.0,1003.8
Karachi,2026-02-04 18:41:21+00:00,20.5,55,1018.9,16.8,54.47,104.93,427.06,5.07,8.75,121.97,4,18,2,4,2,0,1,0.5191079767464023,1127.5
Karachi,2026-01-10 07:00:00+00:00,13.4,46,1021.5,10.6,0.0,0.0,0.0,0.0,0.0,0.0,0,7,5,10,1,1,1,0.0,616.4
Karachi,2026-01-25 18:00:00+00:00,18.8,29,1018.1,12.3,0.0,0.0,0.0,0.0,0.0,0.0,0,18,6,25,1,1,1,0.0,545.2
Karachi,2026-01-06 10:00:00+00:00,19.0,54,1022.6,8.6,0.0,0.0,0.0,0.0,0.0,0.0,0,10,1,6,1,0,0,0.0,1026.0
Karachi,2026-01-16 04:00:00+00:00,17.7,86,1015.3,1.9,0.0,0.0,0.0,0.0,0.0,0.0,0,4,4,16,1,0,0,0.0,1522.2
Karachi,2026-01-29 00:00:00+00:00,17.3,65,1020.7,6.5,0.0,0.0,0.0,0.0,0.0,0.0,0,0,3,29,1,0,0,0.0,1124.5
Karachi,2026-01-06 04:00:00+00:00,17.1,66,1019.1,9.1,0.0,0.0,0.0,0.0,0.0,0.0,0,4,1,6,1,0,0,0.0,1128.6000000000001
Karachi,2026-01-22 18:00:00+00:00,18.9,59,1013.2,10.2,0.0,0.0,0.0,0.0,0.0,0.0,0,18,3,22,1,0,1,0.0,1115.1
Karachi,2026-01-24 15:00:00+00:00,19.5,26,1021.0,16.3,0.0,0.0,0.0,0.0,0.0,0.0,0,15,5,24,1,1,0,0.0,507.0
Karachi,2026-01-15 01:00:00+00:00,19.4,85,1016.8,7.5,0.0,0.0,0.0,0.0,0.0,0.0,0,1,3,15,1,0,0,0.0,1648.9999999999998
Karachi,2026-01-28 15:00:00+00:00,23.5,29,1019.7,7.9,0.0,0.0,0.0,0.0,0.0,0.0,0,15,2,28,1,0,0,0.0,681.5
Karachi,2026-01-30 15:00:00+00:00,24.5,26,1016.2,6.2,0.0,0.0,0.0,0.0,0.0,0.0,0,15,4,30,1,0,0,0.0,637.0
Karachi,2026-01-15 18:00:00+00:00,22.9,67,1014.9,9.5,0.0,0.0,0.0,0.0,0.0,0.0,0,18,3,15,1,0,1,0.0,1534.3
Karachi,2026-01-31 15:00:00+00:00,24.5,36,1016.3,12.1,0.0,0.0,0.0,0.0,0.0,0.0,0,15,5,31,1,1,0,0.0,882.0
Karachi,2026-01-30 00:00:00+00:00,17.8,49,1019.1,11.3,0.0,0.0,0.0,0.0,0.0,0.0,0,0,4,30,1,0,0,0.0,872.2
Karachi,2026-01-20 10:00:00+00:00,20.6,56,1017.9,3.5,0.0,0.0,0.0,0.0,0.0,0.0,0,10,1,20,1,0,0,0.0,1153.6000000000001
Karachi,2026-01-16 16:00:00+00:00,24.8,50,1013.3,11.9,0.0,0.0,0.0,0.0,0.0,0.0,0,16,4,16,1,0,0,0.0,1240.0
Karachi,2026-01-11 09:00:00+00:00,13.6,52,1024.5,9.1,0.0,0.0,0.0,0.0,0.0,0.0,0,9,6,11,1,1,1,0.0,707.1999999999999
Karachi,2026-01-18 21:00:00+00:00,21.6,68,1013.5,6.3,0.0,0.0,0.0,0.0,0.0,0.0,0,21,6,18,1,1,0,0.0,1468.8000000000002
Karachi,2026-01-09 07:00:00+00:00,13.1,49,1020.5,8.5,0.0,0.0,0.0,0.0,0.0,0.0,0,7,4,9,1,0,1,0.0,641.9
Karachi,2026-02-03 20:24:32+00:00,18.3,81,1018.6,5.8,109.44,180.41,520.8,1.69,10.69,178.98,5,20,1,3,2,0,0,0.6066182584113963,1482.3
Karachi,2026-01-27 06:00:00+00:00,14.1,49,1019.0,10.4,0.0,0.0,0.0,0.0,0.0,0.0,0,6,1,27,1,0,0,0.0,690.9
Karachi,2026-01-17 16:00:00+00:00,24.5,52,1011.6,12.2,0.0,0.0,0.0,0.0,0.0,0.0,0,16,5,17,1,1,0,0.0,1274.0
Karachi,2026-01-25 15:00:00+00:00,20.3,21,1018.2,15.6,0.0,0.0,0.0,0.0,0.0,0.0,0,15,6,25,1,1,0,0.0,426.3
Karachi,2026-01-08 02:00:00+00:00,15.9,50,1021.1,13.5,0.0,0.0,0.0,0.0,0.0,0.0,0,2,3,8,1,0,0,0.0,795.0
Karachi,2026-01-16 01:00:00+00:00,18.9,82,1015.7,4.0,0.0,0.0,0.0,0.0,0.0,0.0,0,1,4,16,1,0,0,0.0,1549.8
Karachi,2026-01-21 15:00:00+00:00,23.6,43,1015.3,7.6,0.0,0.0,0.0,0.0,0.0,0.0,0,15,2,21,1,0,0,0.0,1014.8000000000001
Karachi,2026-02-05 07:49:37+00:00,27.7,28,1019.3,22.3,71.16,150.36,357.06,2.27,8.17,140.85,4,7,3,5,2,0,1,0.4732641660015961,775.6
Karachi,2026-01-15 21:00:00+00:00,21.2,77,1016.3,5.2,0.0,0.0,0.0,0.0,0.0,0.0,0,21,3,15,1,0,0,0.0,1632.3999999999999
Karachi,2026-01-09 17:00:00+00:00,22.6,21,1018.7,4.2,0.0,0.0,0.0,0.0,0.0,0.0,0,17,4,9,1,0,1,0.0,474.6
Karachi,2026-01-11 12:00:00+00:00,21.2,24,1023.9,7.6,0.0,0.0,0.0,0.0,0.0,0.0,0,12,6,11,1,1,0,0.0,508.79999999999995
Karachi,2026-02-01 04:00:00+00:00,17.1,84,1017.2,5.4,0.0,0.0,0.0,0.0,0.0,0.0,0,4,6,1,2,1,0,0.0,1436.4
Karachi,2026-01-07 16:00:00+00:00,23.5,25,1019.0,12.3,0.0,0.0,0.0,0.0,0.0,0.0,0,16,2,7,1,0,0,0.0,587.5
Karachi,2026-01-10 00:00:00+00:00,16.1,37,1021.2,11.1,0.0,0.0,0.0,0.0,0.0,0.0,0,0,5,10,1,1,0,0.0,595.7
Karachi,2026-01-09 13:00:00+00:00,22.1,22,1021.3,6.4,0.0,0.0,0.0,0.0,0.0,0.0,0,13,4,9,1,0,0,0.0,486.20000000000005
Karachi,2026-02-04 21:22:46+00:00,19.7,61,1018.2,18.6,53.71,113.69,404.43,4.47,8.44,112.48,4,21,2,4,2,0,0,0.4724250153927346,1201.7
Karachi,2026-01-24 00:00:00+00:00,12.4,58,1019.0,3.6,0.0,0.0,0.0,0.0,0.0,0.0,0,0,5,24,1,1,0,0.0,719.2
Karachi,2026-01-25 21:00:00+00:00,16.3,40,1019.8,11.9,0.0,0.0,0.0,0.0,0.0,0.0,0,21,6,25,1,1,0,0.0,652.0
Karachi,2026-01-06 17:00:00+00:00,24.0,27,1018.8,10.1,0.0,0.0,0.0,0.0,0.0,0.0,0,17,1,6,1,0,1,0.0,648.0
Karachi,2026-01-12 21:00:00+00:00,18.9,74,1020.6,0.9,0.0,0.0,0.0,0.0,0.0,0.0,0,21,0,12,1,0,0,0.0,1398.6
Karachi,2026-01-03 07:00:00+00:00,14.6,65,1018.7,5.9,0.0,0.0,0.0,0.0,0.0,0.0,0,7,5,3,1,1,1,0.0,949.0
Karachi,2026-01-05 04:00:00+00:00,16.2,93,1018.6,7.2,0.0,0.0,0.0,0.0,0.0,0.0,0,4,0,5,1,0,0,0.0,1506.6
Karachi,2026-01-10 01:00:00+00:00,15.4,40,1020.9,10.6,0.0,0.0,0.0,0.0,0.0,0.0,0,1,5,10,1,1,0,0.0,616.0
Karachi,2026-01-11 22:00:00+00:00,16.4,39,1022.2,11.5,0.0,0.0,0.0,0.0,0.0,0.0,0,22,6,11,1,1,0,0.0,639.5999999999999
Karachi,2026-01-31 09:00:00+00:00,16.4,53,1019.6,7.6,0.0,0.0,0.0,0.0,0.0,0.0,0,9,5,31,1,1,1,0.0,869.1999999999999
Karachi,2026-01-08 08:00:00+00:00,14.6,53,1022.5,13.1,0.0,0.0,0.0,0.0,0.0,0.0,0,8,3,8,1,0,1,0.0,773.8
Karachi,2026-01-12 15:00:00+00:00,22.8,40,1018.8,7.3,0.0,0.0,0.0,0.0,0.0,0.0,0,15,0,12,1,0,0,0.0,912.0
Karachi,2026-02-03 10:29:24+00:00,27.4,32,1017.2,5.0,112.11,216.55,483.55,1.66,9.06,168.87,5,10,1,3,2,0,0,0.5177095359039483,876.8
Karachi,2026-01-03 01:00:00+00:00,17.6,52,1018.7,6.5,0.0,0.0,0.0,0.0,0.0,0.0,0,1,5,3,1,1,0,0.0,915.2
Karachi,2026-01-14 12:00:00+00:00,23.0,51,1018.9,5.4,0.0,0.0,0.0,0.0,0.0,0.0,0,12,2,14,1,0,0,0.0,1173.0
Karachi,2026-01-04 22:00:00+00:00,18.9,82,1019.4,4.6,0.0,0.0,0.0,0.0,0.0,0.0,0,22,6,4,1,1,0,0.0,1549.8
Karachi,2026-01-11 16:00:00+00:00,23.6,16,1020.1,8.8,0.0,0.0,0.0,0.0,0.0,0.0,0,16,6,11,1,1,0,0.0,377.6
Karachi,2026-01-02 02:00:00+00:00,17.5,64,1016.9,7.6,0.0,0.0,0.0,0.0,0.0,0.0,0,2,4,2,1,0,0,0.0,1120.0
Karachi,2026-01-27 09:00:00+00:00,14.5,47,1021.7,6.4,0.0,0.0,0.0,0.0,0.0,0.0,0,9,1,27,1,0,1,0.0,681.5
Karachi,2026-01-29 06:00:00+00:00,14.5,53,1019.1,8.3,0.0,0.0,0.0,0.0,0.0,0.0,0,6,3,29,1,0,0,0.0,768.5
Karachi,2026-01-05 22:00:00+00:00,19.9,59,1019.8,8.2,0.0,0.0,0.0,0.0,0.0,0.0,0,22,0,5,1,0,0,0.0,1174.1
Karachi,2026-01-19 16:00:00+00:00,23.4,57,1014.3,10.7,0.0,0.0,0.0,0.0,0.0,0.0,0,16,0,19,1,0,0,0.0,1333.8
Karachi,2026-02-04 07:37:20+00:00,27.5,30,1019.0,19.9,77.56,166.92,419.02,1.97,7.88,142.42,5,7,2,4,2,0,1,0.46465372633596935,825.0
Karachi,2026-01-20 16:00:00+00:00,23.2,44,1014.8,9.8,0.0,0.0,0.0,0.0,0.0,0.0,0,16,1,20,1,0,0,0.0,1020.8
Karachi,2026-01-23 00:00:00+00:00,13.3,38,1017.0,17.4,0.0,0.0,0.0,0.0,0.0,0.0,0,0,4,23,1,0,0,0.0,505.40000000000003
Karachi,2026-01-24 21:00:00+00:00,15.4,41,1022.8,15.0,0.0,0.0,0.0,0.0,0.0,0.0,0,21,5,24,1,1,0,0.0,631.4
Karachi,2026-02-03 06:43:42+00:00,24.7,40,1020.3,15.0,99.46,209.8,466.1,3.4,8.84,135.39,5,6,1,3,2,0,0,0.47407054337464244,988.0
Karachi,2026-01-02 04:00:00+00:00,16.5,68,1016.9,9.3,0.0,0.0,0.0,0.0,0.0,0.0,0,4,4,2,1,0,0,0.0,1122.0
Karachi,2026-01-11 18:00:00+00:00,21.6,19,1020.6,9.5,0.0,0.0,0.0,0.0,0.0,0.0,0,18,6,11,1,1,1,0.0,410.40000000000003
Karachi,2026-01-27 13:00:00+00:00,22.1,23,1020.2,6.2,0.0,0.0,0.0,0.0,0.0,0.0,0,13,1,27,1,0,0,0.0,508.3
Karachi,2026-01-17 15:00:00+00:00,25.1,50,1012.0,12.7,0.0,0.0,0.0,0.0,0.0,0.0,0,15,5,17,1,1,0,0.0,1255.0
Karachi,2026-01-08 01:00:00+00:00,16.2,50,1021.2,13.7,0.0,0.0,0.0,0.0,0.0,0.0,0,1,3,8,1,0,0,0.0,810.0
Karachi,2026-01-05 07:00:00+00:00,15.6,86,1020.1,7.1,0.0,0.0,0.0,0.0,0.0,0.0,0,7,0,5,1,0,1,0.0,1341.6
Karachi,2026-02-04 16:40:33+00:00,22.0,46,1019.3,13.9,62.66,116.62,435.19,5.06,9.52,138.35,4,16,2,4,2,0,0,0.53730063453953,1012.0
Karachi,2026-01-29 01:00:00+00:00,16.6,67,1020.2,7.2,0.0,0.0,0.0,0.0,0.0,0.0,0,1,3,29,1,0,0,0.0,1112.2
Karachi,2026-01-27 18:00:00+00:00,20.3,33,1018.6,9.4,0.0,0.0,0.0,0.0,0.0,0.0,0,18,1,27,1,0,1,0.0,669.9
Karachi,2026-02-04 06:34:54+00:00,25.5,36,1020.2,18.4,74.84,163.16,435.01,2.75,7.76,131.64,4,6,2,4,2,0,0,0.45869085560186323,918.0
Karachi,2026-01-18 04:00:00+00:00,17.8,80,1011.2,4.6,0.0,0.0,0.0,0.0,0.0,0.0,0,4,6,18,1,1,0,0.0,1424.0
Karachi,2026-01-18 07:00:00+00:00,17.0,85,1012.5,6.0,0.0,0.0,0.0,0.0,0.0,0.0,0,7,6,18,1,1,1,0.0,1445.0
Karachi,2026-01-20 12:00:00+00:00,23.5,44,1017.1,5.3,0.0,0.0,0.0,0.0,0.0,0.0,0,12,1,20,1,0,0,0.0,1034.0
Karachi,2026-01-11 13:00:00+00:00,22.6,21,1022.5,8.2,0.0,0.0,0.0,0.0,0.0,0.0,0,13,6,11,1,1,0,0.0,474.6
Karachi,2026-01-27 00:00:00+00:00,15.9,41,1018.5,9.3,0.0,0.0,0.0,0.0,0.0,0.0,0,0,1,27,1,0,0,0.0,651.9
Karachi,2026-01-10 06:00:00+00:00,13.6,46,1020.9,10.7,0.0,0.0,0.0,0.0,0.0,0.0,0,6,5,10,1,1,0,0.0,625.6
Karachi,2026-01-21 21:00:00+00:00,20.0,64,1016.1,5.7,0.0,0.0,0.0,0.0,0.0,0.0,0,21,2,21,1,0,0,0.0,1280.0
Karachi,2026-01-17 10:00:00+00:00,22.7,68,1015.7,5.7,0.0,0.0,0.0,0.0,0.0,0.0,0,10,5,17,1,1,0,0.0,1543.6
Karachi,2026-01-17 18:00:00+00:00,23.0,60,1011.6,11.0,0.0,0.0,0.0,0.0,0.0,0.0,0,18,5,17,1,1,1,0.0,1380.0
Karachi,2026-01-07 20:00:00+00:00,19.9,33,1020.9,13.6,0.0,0.0,0.0,0.0,0.0,0.0,0,20,2,7,1,0,0,0.0,656.6999999999999
Karachi,2026-01-21 10:00:00+00:00,20.1,55,1018.7,5.3,0.0,0.0,0.0,0.0,0.0,0.0,0,10,2,21,1,0,0,0.0,1105.5
Karachi,2026-01-08 04:00:00+00:00,15.2,51,1021.0,14.4,0.0,0.0,0.0,0.0,0.0,0.0,0,4,3,8,1,0,0,0.0,775.1999999999999
Karachi,2026-01-24 02:00:00+00:00,11.9,55,1018.9,5.9,0.0,0.0,0.0,0.0,0.0,0.0,0,2,5,24,1,1,0,0.0,654.5
Karachi,2026-01-05 02:00:00+00:00,16.9,93,1018.7,5.7,0.0,0.0,0.0,0.0,0.0,0.0,0,2,0,5,1,0,0,0.0,1571.6999999999998
Karachi,2026-01-25 00:00:00+00:00,14.1,42,1022.5,17.5,0.0,0.0,0.0,0.0,0.0,0.0,0,0,6,25,1,1,0,0.0,592.1999999999999
Karachi,2026-01-23 06:00:00+00:00,10.4,51,1017.9,13.5,0.0,0.0,0.0,0.0,0.0,0.0,0,6,4,23,1,0,0,0.0,530.4
Karachi,2026-01-03 22:00:00+00:00,18.5,74,1018.8,3.6,0.0,0.0,0.0,0.0,0.0,0.0,0,22,5,3,1,1,0,0.0,1369.0
Karachi,2026-01-02 19:00:00+00:00,21.2,54,1018.1,10.8,0.0,0.0,0.0,0.0,0.0,0.0,0,19,4,2,1,0,1,0.0,1144.8
Karachi,2026-01-13 03:00:00+00:00,14.4,48,1020.7,7.7,0.0,0.0,0.0,0.0,0.0,0.0,0,3,1,13,1,0,0,0.0,691.2
Karachi,2026-01-25 06:00:00+00:00,12.3,47,1021.3,16.5,0.0,0.0,0.0,0.0,0.0,0.0,0,6,6,25,1,1,0,0.0,578.1
Karachi,2026-01-03 13:00:00+00:00,22.6,47,1018.5,4.0,0.0,0.0,0.0,0.0,0.0,0.0,0,13,5,3,1,1,0,0.0,1062.2
Karachi,2026-01-27 03:00:00+00:00,15.6,39,1018.1,10.4,0.0,0.0,0.0,0.0,0.0,0.0,0,3,1,27,1,0,0,0.0,608.4
Karachi,2026-01-17 13:00:00+00:00,25.4,52,1014.0,12.0,0.0,0.0,0.0,0.0,0.0,0.0,0,13,5,17,1,1,0,0.0,1320.8
Karachi,2026-01-07 23:00:00+00:00,17.0,50,1022.1,14.4,0.0,0.0,0.0,0.0,0.0,0.0,0,23,2,7,1,0,0,0.0,850.0
Karachi,2026-01-23 21:00:00+00:00,14.1,50,1018.9,5.5,0.0,0.0,0.0,0.0,0.0,0.0,0,21,4,23,1,0,0,0.0,705.0
Karachi,2026-01-27 21:00:00+00:00,18.1,53,1020.7,4.2,0.0,0.0,0.0,0.0,0.0,0.0,0,21,1,27,1,0,0,0.0,959.3000000000001
Karachi,2026-01-22 17:00:00+00:00,19.3,69,1012.9,9.5,0.0,0.0,0.0,0.0,0.0,0.0,0,17,3,22,1,0,1,0.0,1331.7
Karachi,2026-01-11 10:00:00+00:00,16.1,43,1025.2,8.8,0.0,0.0,0.0,0.0,0.0,0.0,0,10,6,11,1,1,0,0.0,692.3000000000001
Karachi,2026-02-01 00:00:00+00:00,18.5,77,1018.0,5.5,0.0,0.0,0.0,0.0,0.0,0.0,0,0,6,1,2,1,0,0.0,1424.5
Karachi,2026-01-13 07:00:00+00:00,12.6,51,1021.3,8.3,0.0,0.0,0.0,0.0,0.0,0.0,0,7,1,13,1,0,1,0.0,642.6
Karachi,2026-01-03 17:00:00+00:00,22.4,52,1016.3,8.2,0.0,0.0,0.0,0.0,0.0,0.0,0,17,5,3,1,1,1,0.0,1164.8
Karachi,2026-01-21 18:00:00+00:00,21.7,55,1014.9,8.9,0.0,0.0,0.0,0.0,0.0,0.0,0,18,2,21,1,0,1,0.0,1193.5
Karachi,2026-01-21 07:00:00+00:00,14.9,83,1016.7,6.6,0.0,0.0,0.0,0.0,0.0,0.0,0,7,2,21,1,0,1,0.0,1236.7
Karachi,2026-01-04 07:00:00+00:00,14.5,88,1018.9,7.0,0.0,0.0,0.0,0.0,0.0,0.0,0,7,6,4,1,1,1,0.0,1276.0
Karachi,2026-01-22 12:00:00+00:00,23.5,58,1014.5,20.7,0.0,0.0,0.0,0.0,0.0,0.0,0,12,3,22,1,0,0,0.0,1363.0
Karachi,2026-01-12 22:00:00+00:00,18.5,73,1020.9,1.0,0.0,0.0,0.0,0.0,0.0,0.0,0,22,0,12,1,0,0,0.0,1350.5
Karachi,2026-01-03 08:00:00+00:00,14.6,65,1019.3,6.9,0.0,0.0,0.0,0.0,0.0,0.0,0,8,5,3,1,1,1,0.0,949.0
Karachi,2026-01-05 05:00:00+00:00,15.8,92,1019.0,7.1,0.0,0.0,0.0,0.0,0.0,0.0,0,5,0,5,1,0,0,0.0,1453.6000000000001
Karachi,2026-01-11 15:00:00+00:00,23.8,16,1020.5,8.5,0.0,0.0,0.0,0.0,0.0,0.0,0,15,6,11,1,1,0,0.0,380.8
Karachi,2026-01-02 01:00:00+00:00,17.9,61,1017.1,7.7,0.0,0.0,0.0,0.0,0.0,0.0,0,1,4,2,1,0,0,0.0,1091.8999999999999
Karachi,2026-01-09 10:00:00+00:00,16.8,38,1023.0,6.6,0.0,0.0,0.0,0.0,0.0,0.0,0,10,4,9,1,0,0,0.0,638.4
Karachi,2026-01-04 01:00:00+00:00,17.5,80,1018.0,4.0,0.0,0.0,0.0,0.0,0.0,0.0,0,1,6,4,1,1,0,0.0,1400.0
Karachi,2026-02-01 16:35:16+00:00,23.8,62,1016.8,15.6,39.94,86.68,252.19,0.61,5.57,131.87,3,16,6,1,2,1,0,0.4607752653437932,1475.6000000000001
Karachi,2026-01-22 14:00:00+00:00,19.9,80,1013.5,23.2,0.0,0.0,0.0,0.0,0.0,0.0,0,14,3,22,1,0,0,0.0,1592.0
Karachi,2026-01-26 12:00:00+00:00,19.5,31,1018.9,14.9,0.0,0.0,0.0,0.0,0.0,0.0,0,12,0,26,1,0,0,0.0,604.5
Karachi,2026-01-13 00:00:00+00:00,17.0,69,1021.1,4.6,0.0,0.0,0.0,0.0,0.0,0.0,0,0,1,13,1,0,0,0.0,1173.0
Karachi,2026-01-03 10:00:00+00:00,18.6,53,1020.5,4.9,0.0,0.0,0.0,0.0,0.0,0.0,0,10,5,3,1,1,0,0.0,985.8000000000001
Karachi,2026-01-10 04:00:00+00:00,14.1,46,1020.8,10.7,0.0,0.0,0.0,0.0,0.0,0.0,0,4,5,10,1,1,0,0.0,648.6
Karachi,2026-02-03 09:29:50+00:00,27.9,29,1017.4,10.8,109.86,218.05,480.98,1.95,8.95,160.46,5,9,1,3,2,0,1,0.5038293969273102,809.0999999999999
Karachi,2026-01-29 15:00:00+00:00,23.6,27,1017.5,6.7,0.0,0.0,0.0,0.0,0.0,0.0,0,15,3,29,1,0,0,0.0,637.2
Karachi,2026-01-06 14:00:00+00:00,24.8,27,1019.2,11.2,0.0,0.0,0.0,0.0,0.0,0.0,0,14,1,6,1,0,0,0.0,669.6
Karachi,2026-01-22 22:00:00+00:00,14.8,39,1016.6,18.0,0.0,0.0,0.0,0.0,0.0,0.0,0,22,3,22,1,0,0,0.0,577.2
Karachi,2026-01-28 09:00:00+00:00,15.4,52,1023.2,7.9,0.0,0.0,0.0,0.0,0.0,0.0,0,9,2,28,1,0,1,0.0,800.8000000000001
Karachi,2026-01-22 20:00:00+00:00,17.7,44,1014.9,15.2,0.0,0.0,0.0,0.0,0.0,0.0,0,20,3,22,1,0,0,0.0,778.8
Karachi,2026-01-18 19:00:00+00:00,21.9,71,1012.7,8.0,0.0,0.0,0.0,0.0,0.0,0.0,0,19,6,18,1,1,1,0.0,1554.8999999999999
Karachi,2026-01-09 05:00:00+00:00,13.8,48,1020.3,8.9,0.0,0.0,0.0,0.0,0.0,0.0,0,5,4,9,1,0,0,0.0,662.4000000000001
Karachi,2026-01-13 10:00:00+00:00,16.7,41,1023.1,5.7,0.0,0.0,0.0,0.0,0.0,0.0,0,10,1,13,1,0,0,0.0,684.6999999999999
Karachi,2026-01-19 13:00:00+00:00,24.1,52,1016.2,7.7,0.0,0.0,0.0,0.0,0.0,0.0,0,13,0,19,1,0,0,0.0,1253.2
Karachi,2026-01-06 01:00:00+00:00,18.2,62,1019.5,9.3,0.0,0.0,0.0,0.0,0.0,0.0,0,1,1,6,1,0,0,0.0,1128.3999999999999
Karachi,2026-01-22 09:00:00+00:00,20.5,79,1015.0,7.3,0.0,0.0,0.0,0.0,0.0,0.0,0,9,3,22,1,0,1,0.0,1619.5
Karachi,2026-01-25 23:00:00+00:00,15.1,45,1019.5,13.0,0.0,0.0,0.0,0.0,0.0,0.0,0,23,6,25,1,1,0,0.0,679.5
Karachi,2026-01-16 09:00:00+00:00,18.7,79,1016.7,3.5,0.0,0.0,0.0,0.0,0.0,0.0,0,9,4,16,1,0,1,0.0,1477.3
Karachi,2026-01-12 19:00:00+00:00,19.7,62,1019.5,5.6,0.0,0.0,0.0,0.0,0.0,0.0,0,19,0,12,1,0,1,0.0,1221.3999999999999
Karachi,2026-01-03 05:00:00+00:00,15.2,62,1018.1,4.9,0.0,0.0,0.0,0.0,0.0,0.0,0,5,5,3,1,1,0,0.0,942.4
Karachi,2026-01-06 19:00:00+00:00,22.0,34,1020.2,12.7,0.0,0.0,0.0,0.0,0.0,0.0,0,19,1,6,1,0,1,0.0,748.0
Karachi,2026-01-28 12:00:00+00:00,22.0,34,1022.9,8.1,0.0,0.0,0.0,0.0,0.0,0.0,0,12,2,28,1,0,0,0.0,748.0
Karachi,2026-01-23 03:00:00+00:00,12.1,41,1017.4,16.5,0.0,0.0,0.0,0.0,0.0,0.0,0,3,4,23,1,0,0,0.0,496.09999999999997
Karachi,2026-01-19 00:00:00+00:00,21.1,68,1014.1,4.8,0.0,0.0,0.0,0.0,0.0,0.0,0,0,0,19,1,0,0,0.0,1434.8000000000002
Karachi,2026-01-13 13:00:00+00:00,23.2,32,1020.7,4.5,0.0,0.0,0.0,0.0,0.0,0.0,0,13,1,13,1,0,0,0.0,742.4
Karachi,2026-01-07 10:00:00+00:00,18.9,49,1023.1,10.2,0.0,0.0,0.0,0.0,0.0,0.0,0,10,2,7,1,0,0,0.0,926.0999999999999
Karachi,2026-01-23 18:00:00+00:00,15.3,46,1017.8,10.8,0.0,0.0,0.0,0.0,0.0,0.0,0,18,4,23,1,0,1,0.0,703.8000000000001
Karachi,2026-01-04 14:00:00+00:00,23.7,48,1017.8,6.3,0.0,0.0,0.0,0.0,0.0,0.0,0,14,6,4,1,1,0,0.0,1137.6
Karachi,2026-01-14 04:00:00+00:00,15.4,55,1018.3,4.7,0.0,0.0,0.0,0.0,0.0,0.0,0,4,2,14,1,0,0,0.0,847.0
Karachi,2026-01-06 11:00:00+00:00,21.2,47,1022.2,8.7,0.0,0.0,0.0,0.0,0.0,0.0,0,11,1,6,1,0,0,0.0,996.4
Karachi,2026-01-31 18:00:00+00:00,22.0,51,1016.3,11.0,0.0,0.0,0.0,0.0,0.0,0.0,0,18,5,31,1,1,1,0.0,1122.0
Karachi,2026-01-24 12:00:00+00:00,18.1,28,1024.3,15.8,0.0,0.0,0.0,0.0,0.0,0.0,0,12,5,24,1,1,0,0.0,506.80000000000007
Karachi,2026-01-14 22:00:00+00:00,20.0,86,1017.6,4.2,0.0,0.0,0.0,0.0,0.0,0.0,0,22,2,14,1,0,0,0.0,1720.0
Karachi,2026-01-28 22:00:00+00:00,18.0,60,1020.9,6.3,0.0,0.0,0.0,0.0,0.0,0.0,0,22,2,28,1,0,0,0.0,1080.0
Karachi,2026-02-01 12:00:00+00:00,24.5,43,1019.4,2.6,0.0,0.0,0.0,0.0,0.0,0.0,0,12,6,1,2,1,0,0.0,1053.5
Karachi,2026-01-19 08:00:00+00:00,16.5,85,1016.0,4.3,0.0,0.0,0.0,0.0,0.0,0.0,0,8,0,19,1,0,1,0.0,1402.5
Karachi,2026-01-30 19:00:00+00:00,20.8,43,1016.4,10.5,0.0,0.0,0.0,0.0,0.0,0.0,0,19,4,30,1,0,1,0.0,894.4
Karachi,2026-02-05 13:38:03+00:00,28.3,27,1018.6,20.0,74.83,152.78,361.97,1.8,8.41,150.44,4,13,3,5,2,0,0,0.4897892394292446,764.1
Karachi,2026-01-02 16:00:00+00:00,24.4,32,1017.3,2.9,0.0,0.0,0.0,0.0,0.0,0.0,0,16,4,2,1,0,0,0.0,780.8
Karachi,2026-01-24 07:00:00+00:00,9.9,50,1021.5,12.2,0.0,0.0,0.0,0.0,0.0,0.0,0,7,5,24,1,1,1,0.0,495.0
Karachi,2026-02-01 07:00:00+00:00,16.1,85,1018.5,6.7,0.0,0.0,0.0,0.0,0.0,0.0,0,7,6,1,2,1,1,0.0,1368.5000000000002
Karachi,2026-02-01 18:00:00+00:00,22.9,63,1017.1,8.5,0.0,0.0,0.0,0.0,0.0,0.0,0,18,6,1,2,1,1,0.0,1442.6999999999998
Karachi,2026-01-23 15:00:00+00:00,17.5,29,1017.6,10.5,0.0,0.0,0.0,0.0,0.0,0.0,0,15,4,23,1,0,0,0.0,507.5
Karachi,2026-01-27 11:00:00+00:00,19.5,32,1022.2,4.4,0.0,0.0,0.0,0.0,0.0,0.0,0,11,1,27,1,0,0,0.0,624.0
Karachi,2026-01-31 03:00:00+00:00,15.9,54,1017.6,7.8,0.0,0.0,0.0,0.0,0.0,0.0,0,3,5,31,1,1,0,0.0,858.6
Karachi,2026-01-06 02:00:00+00:00,18.0,62,1019.3,9.3,0.0,0.0,0.0,0.0,0.0,0.0,0,2,1,6,1,0,0,0.0,1116.0
Karachi,2026-01-04 11:00:00+00:00,21.0,55,1020.9,6.4,0.0,0.0,0.0,0.0,0.0,0.0,0,11,6,4,1,1,0,0.0,1155.0
Karachi,2026-01-17 17:00:00+00:00,23.9,53,1011.7,11.8,0.0,0.0,0.0,0.0,0.0,0.0,0,17,5,17,1,1,1,0.0,1266.6999999999998
Karachi,2026-01-12 10:00:00+00:00,15.2,39,1022.8,4.5,0.0,0.0,0.0,0.0,0.0,0.0,0,10,0,12,1,0,0,0.0,592.8
Karachi,2026-01-13 12:00:00+00:00,22.0,31,1022.0,6.0,0.0,0.0,0.0,0.0,0.0,0.0,0,12,1,13,1,0,0,0.0,682.0
Karachi,2026-02-02 17:34:40+00:00,20.9,56,1018.4,5.4,111.8,216.2,476.1,0.96,7.57,170.58,5,17,0,2,2,0,1,0.517113783533765,1170.3999999999999
Karachi,2026-01-30 14:00:00+00:00,24.5,25,1017.2,1.7,0.0,0.0,0.0,0.0,0.0,0.0,0,14,4,30,1,0,0,0.0,612.5
Karachi,2026-02-01 15:00:00+00:00,25.0,54,1017.0,12.9,0.0,0.0,0.0,0.0,0.0,0.0,0,15,6,1,2,1,0,0.0,1350.0
Karachi,2026-01-19 09:00:00+00:00,18.4,76,1016.7,3.6,0.0,0.0,0.0,0.0,0.0,0.0,0,9,0,19,1,0,1,0.0,1398.3999999999999
Karachi,2026-02-05 07:42:31+00:00,27.7,28,1019.3,22.3,71.16,150.36,357.06,2.27,8.17,140.85,4,7,3,5,2,0,1,0.4732641660015961,775.6
Karachi,2026-02-03 21:30:00+00:00,18.1,77,1018.4,6.3,106.31,175.93,612.84,3.48,11.05,155.41,5,21,1,3,2,0,0,0.6042744273290513,1393.7
Karachi,2026-01-30 04:00:00+00:00,15.9,55,1017.6,11.8,0.0,0.0,0.0,0.0,0.0,0.0,0,4,4,30,1,0,0,0.0,874.5
Karachi,2026-01-03 12:00:00+00:00,21.8,48,1019.7,3.2,0.0,0.0,0.0,0.0,0.0,0.0,0,12,5,3,1,1,0,0.0,1046.4
Karachi,2026-01-24 17:00:00+00:00,18.8,29,1020.6,15.3,0.0,0.0,0.0,0.0,0.0,0.0,0,17,5,24,1,1,1,0.0,545.2
Karachi,2026-01-16 18:00:00+00:00,22.8,67,1013.5,8.5,0.0,0.0,0.0,0.0,0.0,0.0,0,18,4,16,1,0,1,0.0,1527.6000000000001
Karachi,2026-01-05 13:00:00+00:00,23.6,40,1020.3,2.4,0.0,0.0,0.0,0.0,0.0,0.0,0,13,0,5,1,0,0,0.0,944.0
Karachi,2026-01-12 13:00:00+00:00,22.0,29,1020.4,1.4,0.0,0.0,0.0,0.0,0.0,0.0,0,13,0,12,1,0,0,0.0,638.0
Karachi,2026-01-25 19:00:00+00:00,18.0,32,1018.8,11.9,0.0,0.0,0.0,0.0,0.0,0.0,0,19,6,25,1,1,1,0.0,576.0
Karachi,2026-02-04 14:41:33+00:00,24.2,36,1018.3,15.4,77.26,148.42,408.98,3.46,10.32,162.71,5,14,2,4,2,0,0,0.5205497911332705,871.1999999999999
Karachi,2026-01-24 04:00:00+00:00,10.6,59,1019.3,7.8,0.0,0.0,0.0,0.0,0.0,0.0,0,4,5,24,1,1,0,0.0,625.4
Karachi,2026-01-10 18:00:00+00:00,22.3,27,1019.3,4.7,0.0,0.0,0.0,0.0,0.0,0.0,0,18,5,10,1,1,1,0.0,602.1
Karachi,2026-01-31 16:00:00+00:00,24.1,40,1016.0,12.7,0.0,0.0,0.0,0.0,0.0,0.0,0,16,5,31,1,1,0,0.0,964.0
Karachi,2026-02-03 04:03:17+00:00,18.6,64,1020.4,7.4,79.36,171.81,418.75,3.9,9.18,108.19,5,4,1,3,2,0,0,0.46190559338804493,1190.4
Karachi,2026-01-18 10:00:00+00:00,20.8,66,1014.4,5.1,0.0,0.0,0.0,0.0,0.0,0.0,0,10,6,18,1,1,0,0.0,1372.8
Karachi,2026-01-08 16:00:00+00:00,22.5,19,1019.5,10.5,0.0,0.0,0.0,0.0,0.0,0.0,0,16,3,8,1,0,0,0.0,427.5
Karachi,2026-01-05 00:00:00+00:00,17.9,88,1019.2,4.5,0.0,0.0,0.0,0.0,0.0,0.0,0,0,0,5,1,0,0,0.0,1575.1999999999998
Karachi,2026-01-27 08:00:00+00:00,13.4,51,1020.9,9.2,0.0,0.0,0.0,0.0,0.0,0.0,0,8,1,27,1,0,1,0.0,683.4
Karachi,2026-02-04 13:57:36+00:00,25.3,33,1017.6,15.7,79.99,154.06,420.83,4.65,9.62,164.46,5,13,2,4,2,0,0,0.5192132935220044,834.9
Karachi,2026-01-29 05:00:00+00:00,15.1,52,1019.0,8.3,0.0,0.0,0.0,0.0,0.0,0.0,0,5,3,29,1,0,0,0.0,785.1999999999999
Karachi,2026-01-13 22:00:00+00:00,19.2,52,1020.5,4.3,0.0,0.0,0.0,0.0,0.0,0.0,0,22,1,13,1,0,0,0.0,998.4
Karachi,2026-02-04 05:39:57+00:00,23.0,43,1020.9,14.2,72.94,158.04,461.22,3.8,7.81,118.52,4,5,2,4,2,0,0,0.46152872690458113,989.0
Karachi,2026-01-31 06:00:00+00:00,14.9,58,1017.5,8.7,0.0,0.0,0.0,0.0,0.0,0.0,0,6,5,31,1,1,0,0.0,864.2
Karachi,2026-01-06 09:00:00+00:00,17.2,63,1022.1,7.0,0.0,0.0,0.0,0.0,0.0,0.0,0,9,1,6,1,0,1,0.0,1083.6
Karachi,2026-01-22 23:00:00+00:00,14.1,37,1016.8,17.9,0.0,0.0,0.0,0.0,0.0,0.0,0,23,3,22,1,0,0,0.0,521.6999999999999
Karachi,2026-01-24 20:00:00+00:00,16.1,39,1022.4,14.7,0.0,0.0,0.0,0.0,0.0,0.0,0,20,5,24,1,1,0,0.0,627.9000000000001
Karachi,2026-01-28 20:00:00+00:00,19.5,49,1020.5,7.0,0.0,0.0,0.0,0.0,0.0,0.0,0,20,2,28,1,0,0,0.0,955.5
Karachi,2026-01-30 17:00:00+00:00,23.4,34,1015.7,10.6,0.0,0.0,0.0,0.0,0.0,0.0,0,17,4,30,1,0,1,0.0,795.5999999999999
Karachi,2026-01-10 21:00:00+00:00,18.9,32,1021.5,8.0,0.0,0.0,0.0,0.0,0.0,0.0,0,21,5,10,1,1,0,0.0,604.8
Karachi,2026-01-24 10:00:00+00:00,14.3,45,1023.9,12.2,0.0,0.0,0.0,0.0,0.0,0.0,0,10,5,24,1,1,0,0.0,643.5
Karachi,2026-01-11 00:00:00+00:00,15.7,44,1022.2,9.3,0.0,0.0,0.0,0.0,0.0,0.0,0,0,6,11,1,1,0,0.0,690.8
Karachi,2026-01-24 14:00:00+00:00,19.4,26,1021.6,16.2,0.0,0.0,0.0,0.0,0.0,0.0,0,14,5,24,1,1,0,0.0,504.4
Karachi,2026-01-30 07:00:00+00:00,15.4,55,1018.4,11.0,0.0,0.0,0.0,0.0,0.0,0.0,0,7,4,30,1,0,1,0.0,847.0
Karachi,2026-01-05 10:00:00+00:00,19.3,60,1022.0,5.0,0.0,0.0,0.0,0.0,0.0,0.0,0,10,0,5,1,0,0,0.0,1158.0
Karachi,2026-01-02 00:00:00+00:00,18.5,57,1017.0,8.5,0.0,0.0,0.0,0.0,0.0,0.0,0,0,4,2,1,0,0,0.0,1054.5
Karachi,2026-01-07 07:00:00+00:00,15.2,62,1021.5,11.2,0.0,0.0,0.0,0.0,0.0,0.0,0,7,2,7,1,0,1,0.0,942.4
Karachi,2026-02-02 14:45:21+00:00,23.0,59,1018.3,3.6,125.9,251.49,526.94,1.41,9.89,187.36,5,14,0,2,2,0,0,0.5006163266929102,1357.0
Karachi,2026-01-29 18:00:00+00:00,22.9,29,1017.2,6.9,0.0,0.0,0.0,0.0,0.0,0.0,0,18,3,29,1,0,1,0.0,664.0999999999999
Karachi,2026-01-04 21:00:00+00:00,19.4,80,1019.4,5.6,0.0,0.0,0.0,0.0,0.0,0.0,0,21,6,4,1,1,0,0.0,1552.0
Karachi,2026-02-02 12:46:08+00:00,26.2,40,1017.1,7.0,126.35,257.5,556.44,3.25,11.84,192.35,5,12,0,2,2,0,0,0.4906796116504854,1048.0
Karachi,2026-01-17 11:00:00+00:00,23.8,65,1016.0,8.1,0.0,0.0,0.0,0.0,0.0,0.0,0,11,5,17,1,1,0,0.0,1547.0
Karachi,2026-01-15 20:00:00+00:00,21.6,75,1016.0,6.8,0.0,0.0,0.0,0.0,0.0,0.0,0,20,3,15,1,0,0,0.0,1620.0
Karachi,2026-01-06 08:00:00+00:00,15.9,71,1021.3,8.2,0.0,0.0,0.0,0.0,0.0,0.0,0,8,1,6,1,0,1,0.0,1128.9
Karachi,2026-01-14 07:00:00+00:00,14.2,58,1018.9,2.3,0.0,0.0,0.0,0.0,0.0,0.0,0,7,2,14,1,0,1,0.0,823.5999999999999
Karachi,2026-01-11 11:00:00+00:00,19.1,32,1025.0,7.6,0.0,0.0,0.0,0.0,0.0,0.0,0,11,6,11,1,1,0,0.0,611.2
Karachi,2026-01-28 19:00:00+00:00,20.3,44,1019.9,8.5,0.0,0.0,0.0,0.0,0.0,0.0,0,19,2,28,1,0,1,0.0,893.2
Karachi,2026-01-02 03:00:00+00:00,17.0,66,1016.8,8.4,0.0,0.0,0.0,0.0,0.0,0.0,0,3,4,2,1,0,0,0.0,1122.0
Karachi,2026-01-21 06:00:00+00:00,15.2,83,1016.0,5.9,0.0,0.0,0.0,0.0,0.0,0.0,0,6,2,21,1,0,0,0.0,1261.6
Karachi,2026-01-16 12:00:00+00:00,24.4,57,1016.3,9.8,0.0,0.0,0.0,0.0,0.0,0.0,0,12,4,16,1,0,0,0.0,1390.8
Karachi,2026-01-14 21:00:00+00:00,20.5,81,1017.5,4.8,0.0,0.0,0.0,0.0,0.0,0.0,0,21,2,14,1,0,0,0.0,1660.5
Karachi,2026-02-03 05:46:49+00:00,23.0,46,1020.8,13.4,92.72,199.98,453.18,4.02,8.88,122.02,5,5,1,3,2,0,0,0.46364636463646364,1058.0
Karachi,2026-01-13 08:00:00+00:00,12.6,51,1021.8,8.2,0.0,0.0,0.0,0.0,0.0,0.0,0,8,1,13,1,0,1,0.0,642.6
Karachi,2026-01-20 20:00:00+00:00,21.2,58,1015.8,5.4,0.0,0.0,0.0,0.0,0.0,0.0,0,20,1,20,1,0,0,0.0,1229.6
Karachi,2026-01-25 03:00:00+00:00,13.1,45,1021.3,16.9,0.0,0.0,0.0,0.0,0.0,0.0,0,3,6,25,1,1,0,0.0,589.5
Karachi,2026-02-02 18:36:40+00:00,19.9,61,1018.3,5.4,103.96,201.29,458.67,1.28,7.14,161.52,5,18,0,2,2,0,1,0.5164687763922698,1213.8999999999999
Karachi,2026-01-10 12:00:00+00:00,21.2,24,1022.0,6.8,0.0,0.0,0.0,0.0,0.0,0.0,0,12,5,10,1,1,0,0.0,508.79999999999995
Karachi,2026-01-02 13:00:00+00:00,23.8,35,1019.3,3.5,0.0,0.0,0.0,0.0,0.0,0.0,0,13,4,2,1,0,0,0.0,833.0
Karachi,2026-01-29 19:00:00+00:00,21.9,32,1018.0,7.1,0.0,0.0,0.0,0.0,0.0,0.0,0,19,3,29,1,0,1,0.0,700.8
Karachi,2026-01-26 01:00:00+00:00,14.4,46,1018.4,13.7,0.0,0.0,0.0,0.0,0.0,0.0,0,1,0,26,1,0,0,0.0,662.4
Karachi,2026-01-20 07:00:00+00:00,15.6,76,1016.1,4.1,0.0,0.0,0.0,0.0,0.0,0.0,0,7,1,20,1,0,1,0.0,1185.6
Karachi,2026-01-18 16:00:00+00:00,23.3,56,1011.7,8.7,0.0,0.0,0.0,0.0,0.0,0.0,0,16,6,18,1,1,0,0.0,1304.8
Karachi,2026-01-11 21:00:00+00:00,17.5,32,1021.9,11.8,0.0,0.0,0.0,0.0,0.0,0.0,0,21,6,11,1,1,0,0.0,560.0
Karachi,2026-01-31 04:00:00+00:00,15.5,56,1017.5,7.8,0.0,0.0,0.0,0.0,0.0,0.0,0,4,5,31,1,1,0,0.0,868.0
Karachi,2026-01-19 21:00:00+00:00,20.8,64,1015.6,6.2,0.0,0.0,0.0,0.0,0.0,0.0,0,21,0,19,1,0,0,0.0,1331.2
Karachi,2026-01-20 21:00:00+00:00,20.9,59,1015.9,6.1,0.0,0.0,0.0,0.0,0.0,0.0,0,21,1,20,1,0,0,0.0,1233.1
Karachi,2026-01-23 05:00:00+00:00,10.7,50,1017.4,13.1,0.0,0.0,0.0,0.0,0.0,0.0,0,5,4,23,1,0,0,0.0,535.0
Karachi,2026-01-17 05:00:00+00:00,20.0,83,1013.1,7.4,0.0,0.0,0.0,0.0,0.0,0.0,0,5,5,17,1,1,0,0.0,1660.0
Karachi,2026-01-19 02:00:00+00:00,19.3,79,1013.9,1.5,0.0,0.0,0.0,0.0,0.0,0.0,0,2,0,19,1,0,0,0.0,1524.7
Karachi,2026-01-14 15:00:00+00:00,23.6,60,1016.3,10.8,0.0,0.0,0.0,0.0,0.0,0.0,0,15,2,14,1,0,0,0.0,1416.0
Karachi,2026-01-20 11:00:00+00:00,22.4,51,1017.9,2.2,0.0,0.0,0.0,0.0,0.0,0.0,0,11,1,20,1,0,0,0.0,1142.3999999999999
Karachi,2026-01-22 19:00:00+00:00,18.6,53,1014.3,12.2,0.0,0.0,0.0,0.0,0.0,0.0,0,19,3,22,1,0,1,0.0,985.8000000000001
Karachi,2026-01-17 01:00:00+00:00,20.9,78,1013.5,8.5,0.0,0.0,0.0,0.0,0.0,0.0,0,1,5,17,1,1,0,0.0,1630.1999999999998
Karachi,2026-01-18 22:00:00+00:00,21.4,69,1013.8,7.7,0.0,0.0,0.0,0.0,0.0,0.0,0,22,6,18,1,1,0,0.0,1476.6
Karachi,2026-02-04 23:15:19+00:00,19.6,60,1018.1,19.0,56.8,133.45,360.04,3.41,7.85,109.13,4,23,2,4,2,0,0,0.4256275758711128,1176.0
Karachi,2026-01-16 02:00:00+00:00,18.5,82,1015.6,3.5,0.0,0.0,0.0,0.0,0.0,0.0,0,2,4,16,1,0,0,0.0,1517.0
Karachi,2026-01-22 06:00:00+00:00,16.8,83,1014.2,4.3,0.0,0.0,0.0,0.0,0.0,0.0,0,6,3,22,1,0,0,0.0,1394.4
Karachi,2026-01-16 06:00:00+00:00,16.8,89,1015.4,5.1,0.0,0.0,0.0,0.0,0.0,0.0,0,6,4,16,1,0,0,0.0,1495.2
Karachi,2026-01-03 02:00:00+00:00,16.8,54,1018.4,6.5,0.0,0.0,0.0,0.0,0.0,0.0,0,2,5,3,1,1,0,0.0,907.2
Karachi,2026-01-04 23:00:00+00:00,18.0,87,1019.6,2.7,0.0,0.0,0.0,0.0,0.0,0.0,0,23,6,4,1,1,0,0.0,1566.0
Karachi,2026-02-01 16:00:00+00:00,24.5,55,1016.7,12.4,0.0,0.0,0.0,0.0,0.0,0.0,0,16,6,1,2,1,0,0.0,1347.5
Karachi,2026-01-23 17:00:00+00:00,16.4,38,1017.6,10.8,0.0,0.0,0.0,0.0,0.0,0.0,0,17,4,23,1,0,1,0.0,623.1999999999999
Karachi,2026-01-16 08:00:00+00:00,17.2,86,1016.3,4.1,0.0,0.0,0.0,0.0,0.0,0.0,0,8,4,16,1,0,1,0.0,1479.2
Karachi,2026-01-02 22:00:00+00:00,19.5,61,1018.9,5.7,0.0,0.0,0.0,0.0,0.0,0.0,0,22,4,2,1,0,0,0.0,1189.5
Karachi,2026-02-05 13:42:58.672554+00:00,28.3,27,1018.6,20.0,74.83,152.78,361.97,1.8,8.41,150.44,4,13,3,5,2,0,0,0.4897892394292446,764.1
Karachi,2026-01-26 16:00:00+00:00,21.5,25,1015.7,6.8,0.0,0.0,0.0,0.0,0.0,0.0,0,16,0,26,1,0,0,0.0,537.5
Karachi,2026-01-13 06:00:00+00:00,12.9,49,1020.5,7.6,0.0,0.0,0.0,0.0,0.0,0.0,0,6,1,13,1,0,0,0.0,632.1
Karachi,2026-01-04 00:00:00+00:00,17.9,78,1018.3,3.5,0.0,0.0,0.0,0.0,0.0,0.0,0,0,6,4,1,1,0,0.0,1396.1999999999998
Karachi,2026-01-10 08:00:00+00:00,13.5,45,1021.9,10.3,0.0,0.0,0.0,0.0,0.0,0.0,0,8,5,10,1,1,1,0.0,607.5
Karachi,2026-01-09 21:00:00+00:00,18.6,26,1020.8,9.2,0.0,0.0,0.0,0.0,0.0,0.0,0,21,4,9,1,0,0,0.0,483.6
Karachi,2026-01-14 08:00:00+00:00,14.4,58,1019.2,3.1,0.0,0.0,0.0,0.0,0.0,0.0,0,8,2,14,1,0,1,0.0,835.2
Karachi,2026-01-26 06:00:00+00:00,13.9,46,1017.3,13.5,0.0,0.0,0.0,0.0,0.0,0.0,0,6,0,26,1,0,0,0.0,639.4
Karachi,2026-01-12 20:00:00+00:00,19.4,65,1020.1,4.5,0.0,0.0,0.0,0.0,0.0,0.0,0,20,0,12,1,0,0,0.0,1261.0
Karachi,2026-01-03 14:00:00+00:00,23.0,46,1017.5,6.6,0.0,0.0,0.0,0.0,0.0,0.0,0,14,5,3,1,1,0,0.0,1058.0
Karachi,2026-01-09 11:00:00+00:00,19.1,31,1023.0,7.3,0.0,0.0,0.0,0.0,0.0,0.0,0,11,4,9,1,0,0,0.0,592.1
Karachi,2026-01-25 17:00:00+00:00,19.8,25,1018.0,13.4,0.0,0.0,0.0,0.0,0.0,0.0,0,17,6,25,1,1,1,0.0,495.0
Karachi,2026-01-19 19:00:00+00:00,21.2,69,1014.9,6.7,0.0,0.0,0.0,0.0,0.0,0.0,0,19,0,19,1,0,1,0.0,1462.8
Karachi,2026-01-06 13:00:00+00:00,24.2,29,1020.3,11.8,0.0,0.0,0.0,0.0,0.0,0.0,0,13,1,6,1,0,0,0.0,701.8
Karachi,2026-01-13 09:00:00+00:00,14.2,46,1022.6,6.2,0.0,0.0,0.0,0.0,0.0,0.0,0,9,1,13,1,0,1,0.0,653.1999999999999
Karachi,2026-02-04 11:30:23+00:00,28.3,23,1016.9,19.9,81.13,159.96,399.55,2.5,8.89,170.47,5,11,2,4,2,0,0,0.507189297324331,650.9
Karachi,2026-01-07 22:00:00+00:00,17.6,47,1021.8,13.6,0.0,0.0,0.0,0.0,0.0,0.0,0,22,2,7,1,0,0,0.0,827.2
Karachi,2026-01-09 19:00:00+00:00,20.6,28,1019.7,1.5,0.0,0.0,0.0,0.0,0.0,0.0,0,19,4,9,1,0,1,0.0,576.8000000000001
Karachi,2026-02-02 16:33:40+00:00,22.0,53,1018.6,4.6,119.28,231.39,505.71,1.02,8.32,178.1,5,16,0,2,2,0,0,0.5154933229612343,1166.0
Karachi,2026-01-06 15:00:00+00:00,24.8,26,1018.6,10.2,0.0,0.0,0.0,0.0,0.0,0.0,0,15,1,6,1,0,0,0.0,644.8000000000001
Karachi,2026-01-18 06:00:00+00:00,17.2,84,1011.7,6.0,0.0,0.0,0.0,0.0,0.0,0.0,0,6,6,18,1,1,0,0.0,1444.8
Karachi,2026-01-08 12:00:00+00:00,20.8,26,1022.7,13.4,0.0,0.0,0.0,0.0,0.0,0.0,0,12,3,8,1,0,0,0.0,540.8000000000001
Karachi,2026-01-12 23:00:00+00:00,17.2,75,1021.2,2.8,0.0,0.0,0.0,0.0,0.0,0.0,0,23,0,12,1,0,0,0.0,1290.0
Karachi,2026-01-20 03:00:00+00:00,17.5,67,1014.9,4.2,0.0,0.0,0.0,0.0,0.0,0.0,0,3,1,20,1,0,0,0.0,1172.5
Karachi,2026-01-16 23:00:00+00:00,20.9,78,1014.2,7.0,0.0,0.0,0.0,0.0,0.0,0.0,0,23,4,16,1,0,0,0.0,1630.1999999999998
Karachi,2026-02-01 06:00:00+00:00,16.2,85,1017.8,6.4,0.0,0.0,0.0,0.0,0.0,0.0,0,6,6,1,2,1,0,0.0,1377.0
Karachi,2026-01-18 20:00:00+00:00,21.7,69,1013.2,7.1,0.0,0.0,0.0,0.0,0.0,0.0,0,20,6,18,1,1,0,0.0,1497.3
Karachi,2026-01-29 04:00:00+00:00,15.4,60,1019.0,7.2,0.0,0.0,0.0,0.0,0.0,0.0,0,4,3,29,1,0,0,0.0,924.0
Karachi,2026-01-06 23:00:00+00:00,18.5,50,1021.5,11.6,0.0,0.0,0.0,0.0,0.0,0.0,0,23,1,6,1,0,0,0.0,925.0
Karachi,2026-01-17 07:00:00+00:00,19.3,87,1013.7,7.7,0.0,0.0,0.0,0.0,0.0,0.0,0,7,5,17,1,1,1,0.0,1679.1000000000001
Karachi,2026-01-07 13:00:00+00:00,23.3,27,1020.9,12.2,0.0,0.0,0.0,0.0,0.0,0.0,0,13,2,7,1,0,0,0.0,629.1
Karachi,2026-01-03 21:00:00+00:00,19.2,71,1018.4,4.3,0.0,0.0,0.0,0.0,0.0,0.0,0,21,5,3,1,1,0,0.0,1363.2
Karachi,2026-01-19 04:00:00+00:00,17.3,85,1013.8,5.0,0.0,0.0,0.0,0.0,0.0,0.0,0,4,0,19,1,0,0,0.0,1470.5
Karachi,2026-01-16 00:00:00+00:00,19.2,81,1016.0,4.2,0.0,0.0,0.0,0.0,0.0,0.0,0,0,4,16,1,0,0,0.0,1555.2
Karachi,2026-01-31 07:00:00+00:00,14.8,59,1018.2,8.2,0.0,0.0,0.0,0.0,0.0,0.0,0,7,5,31,1,1,1,0.0,873.2
Karachi,2026-01-22 08:00:00+00:00,17.8,84,1014.5,5.5,0.0,0.0,0.0,0.0,0.0,0.0,0,8,3,22,1,0,1,0.0,1495.2
Karachi,2026-01-17 21:00:00+00:00,21.2,70,1012.6,6.5,0.0,0.0,0.0,0.0,0.0,0.0,0,21,5,17,1,1,0,0.0,1484.0
Karachi,2026-01-29 12:00:00+00:00,22.2,30,1020.9,8.0,0.0,0.0,0.0,0.0,0.0,0.0,0,12,3,29,1,0,0,0.0,666.0
Karachi,2026-01-26 08:00:00+00:00,14.2,45,1019.2,13.6,0.0,0.0,0.0,0.0,0.0,0.0,0,8,0,26,1,0,1,0.0,639.0
Karachi,2026-01-28 05:00:00+00:00,14.6,53,1020.6,8.5,0.0,0.0,0.0,0.0,0.0,0.0,0,5,2,28,1,0,0,0.0,773.8
Karachi,2026-01-17 09:00:00+00:00,20.8,75,1015.1,5.2,0.0,0.0,0.0,0.0,0.0,0.0,0,9,5,17,1,1,1,0.0,1560.0
Karachi,2026-01-04 05:00:00+00:00,14.9,88,1018.1,5.9,0.0,0.0,0.0,0.0,0.0,0.0,0,5,6,4,1,1,0,0.0,1311.2
Karachi,2026-01-27 17:00:00+00:00,21.5,27,1018.2,11.0,0.0,0.0,0.0,0.0,0.0,0.0,0,17,1,27,1,0,1,0.0,580.5
Karachi,2026-01-15 09:00:00+00:00,17.8,92,1017.4,2.6,0.0,0.0,0.0,0.0,0.0,0.0,0,9,3,15,1,0,1,0.0,1637.6000000000001
Karachi,2026-01-09 09:00:00+00:00,14.6,45,1022.2,6.2,0.0,0.0,0.0,0.0,0.0,0.0,0,9,4,9,1,0,1,0.0,657.0
Karachi,2026-01-08 00:00:00+00:00,16.7,50,1021.7,14.1,0.0,0.0,0.0,0.0,0.0,0.0,0,0,3,8,1,0,0,0.0,835.0
Karachi,2026-01-12 05:00:00+00:00,12.5,47,1020.9,8.9,0.0,0.0,0.0,0.0,0.0,0.0,0,5,0,12,1,0,0,0.0,587.5
Karachi,2026-01-24 08:00:00+00:00,10.6,47,1022.6,12.5,0.0,0.0,0.0,0.0,0.0,0.0,0,8,5,24,1,1,1,0.0,498.2
Karachi,2026-01-28 03:00:00+00:00,16.0,59,1020.4,8.3,0.0,0.0,0.0,0.0,0.0,0.0,0,3,2,28,1,0,0,0.0,944.0
Karachi,2026-01-26 18:00:00+00:00,20.5,26,1016.2,6.0,0.0,0.0,0.0,0.0,0.0,0.0,0,18,0,26,1,0,1,0.0,533.0
Karachi,2026-01-13 14:00:00+00:00,24.0,32,1019.5,3.1,0.0,0.0,0.0,0.0,0.0,0.0,0,14,1,13,1,0,0,0.0,768.0
Karachi,2026-01-20 18:00:00+00:00,22.0,52,1015.0,7.0,0.0,0.0,0.0,0.0,0.0,0.0,0,18,1,20,1,0,1,0.0,1144.0
Karachi,2026-01-11 19:00:00+00:00,20.4,23,1021.4,10.8,0.0,0.0,0.0,0.0,0.0,0.0,0,19,6,11,1,1,1,0.0,469.2
Karachi,2026-01-14 10:00:00+00:00,19.4,49,1019.9,1.1,0.0,0.0,0.0,0.0,0.0,0.0,0,10,2,14,1,0,0,0.0,950.5999999999999
Karachi,2026-01-24 18:00:00+00:00,17.9,32,1021.1,14.5,0.0,0.0,0.0,0.0,0.0,0.0,0,18,5,24,1,1,1,0.0,572.8
Karachi,2026-01-18 18:00:00+00:00,22.2,66,1012.2,9.5,0.0,0.0,0.0,0.0,0.0,0.0,0,18,6,18,1,1,1,0.0,1465.2
Karachi,2026-02-04 22:17:46+00:00,19.7,59,1017.8,18.6,54.91,123.68,380.06,3.91,8.39,110.61,4,22,2,4,2,0,0,0.4439683053040103,1162.3
Karachi,2026-01-30 21:00:00+00:00,19.2,51,1017.8,7.8,0.0,0.0,0.0,0.0,0.0,0.0,0,21,4,30,1,0,0,0.0,979.1999999999999
Karachi,2026-01-25 07:00:00+00:00,12.1,47,1021.8,16.4,0.0,0.0,0.0,0.0,0.0,0.0,0,7,6,25,1,1,1,0.0,568.6999999999999
Karachi,2026-01-27 04:00:00+00:00,15.3,41,1018.2,10.9,0.0,0.0,0.0,0.0,0.0,0.0,0,4,1,27,1,0,0,0.0,627.3000000000001
Karachi,2026-01-19 07:00:00+00:00,16.5,85,1015.1,4.8,0.0,0.0,0.0,0.0,0.0,0.0,0,7,0,19,1,0,1,0.0,1402.5
Karachi,2026-01-14 00:00:00+00:00,18.1,45,1019.9,4.6,0.0,0.0,0.0,0.0,0.0,0.0,0,0,2,14,1,0,0,0.0,814.5000000000001
Karachi,2026-01-21 04:00:00+00:00,16.6,76,1015.6,5.5,0.0,0.0,0.0,0.0,0.0,0.0,0,4,2,21,1,0,0,0.0,1261.6000000000001
Karachi,2026-01-05 14:00:00+00:00,24.3,37,1019.2,2.9,0.0,0.0,0.0,0.0,0.0,0.0,0,14,0,5,1,0,0,0.0,899.1
Karachi,2026-01-07 11:00:00+00:00,20.8,42,1022.9,11.3,0.0,0.0,0.0,0.0,0.0,0.0,0,11,2,7,1,0,0,0.0,873.6
Karachi,2026-01-21 22:00:00+00:00,19.7,67,1016.3,6.7,0.0,0.0,0.0,0.0,0.0,0.0,0,22,2,21,1,0,0,0.0,1319.8999999999999
Karachi,2026-01-23 19:00:00+00:00,14.5,49,1018.4,9.7,0.0,0.0,0.0,0.0,0.0,0.0,0,19,4,23,1,0,1,0.0,710.5
Karachi,2026-01-29 02:00:00+00:00,16.1,70,1019.9,7.0,0.0,0.0,0.0,0.0,0.0,0.0,0,2,3,29,1,0,0,0.0,1127.0
Karachi,2026-01-15 22:00:00+00:00,20.6,79,1016.2,5.5,0.0,0.0,0.0,0.0,0.0,0.0,0,22,3,15,1,0,0,0.0,1627.4
Karachi,2026-01-04 15:00:00+00:00,23.5,50,1017.3,7.6,0.0,0.0,0.0,0.0,0.0,0.0,0,15,6,4,1,1,0,0.0,1175.0
Karachi,2026-01-17 19:00:00+00:00,22.2,65,1012.1,8.8,0.0,0.0,0.0,0.0,0.0,0.0,0,19,5,17,1,1,1,0.0,1443.0
Karachi,2026-01-18 08:00:00+00:00,16.8,85,1013.4,6.9,0.0,0.0,0.0,0.0,0.0,0.0,0,8,6,18,1,1,1,0.0,1428.0
Karachi,2026-01-20 05:00:00+00:00,15.8,74,1015.2,3.9,0.0,0.0,0.0,0.0,0.0,0.0,0,5,1,20,1,0,0,0.0,1169.2
Karachi,2026-01-07 01:00:00+00:00,17.2,57,1021.0,9.9,0.0,0.0,0.0,0.0,0.0,0.0,0,1,2,7,1,0,0,0.0,980.4
Karachi,2026-02-01 08:00:00+00:00,16.5,81,1019.2,6.7,0.0,0.0,0.0,0.0,0.0,0.0,0,8,6,1,2,1,1,0.0,1336.5
Karachi,2026-01-30 13:00:00+00:00,24.0,26,1018.2,2.6,0.0,0.0,0.0,0.0,0.0,0.0,0,13,4,30,1,0,0,0.0,624.0
Karachi,2026-01-02 20:00:00+00:00,20.7,57,1018.6,6.5,0.0,0.0,0.0,0.0,0.0,0.0,0,20,4,2,1,0,0,0.0,1179.8999999999999
Karachi,2026-01-14 23:00:00+00:00,19.8,86,1017.5,5.8,0.0,0.0,0.0,0.0,0.0,0.0,0,23,2,14,1,0,0,0.0,1702.8
Karachi,2026-01-16 20:00:00+00:00,21.5,79,1014.3,7.0,0.0,0.0,0.0,0.0,0.0,0.0,0,20,4,16,1,0,0,0.0,1698.5
Karachi,2026-01-08 23:00:00+00:00,16.0,45,1021.7,10.5,0.0,0.0,0.0,0.0,0.0,0.0,0,23,3,8,1,0,0,0.0,720.0
Karachi,2026-02-05 20:29:04+00:00,19.7,55,1018.8,5.2,87.18,146.78,582.69,4.57,8.82,136.52,5,20,3,5,2,0,0,0.5939501294454286,1083.5
Karachi,2026-02-07 17:17:53+00:00,21.5,70,1016.4,1.4,49.79,82.27,216.66,0.11,0.31,107.13,3,17,5,7,2,1,1,0.6052023823994166,1505.0
Karachi,2026-02-06 11:30:34+00:00,26.3,37,1017.5,15.5,117.81,188.71,550.54,1.87,12.59,196.63,5,11,4,6,2,0,0,0.624291240527794,973.1
Karachi,2026-02-05 15:36:34+00:00,24.1,43,1019.7,5.2,83.44,151.96,426.27,2.21,8.72,159.94,5,15,3,5,2,0,0,0.5490918662806001,1036.3
Karachi,2026-02-05 14:04:06+00:00,25.6,42,1018.4,1.5,81.88,153.54,400.93,2.78,8.65,164.3,5,14,3,5,2,0,0,0.5332812296469975,1075.2
Karachi,2026-02-06 20:23:46+00:00,22.5,62,1019.1,8.7,102.02,158.15,497.73,1.22,10.71,201.83,5,20,4,6,2,0,0,0.6450837812203604,1395.0
Karachi,2026-02-08 15:34:54+00:00,25.9,44,1013.2,15.0,53.06,98.83,232.45,0.15,0.56,100.49,4,15,6,8,2,1,0,0.5368815137104118,1139.6
Karachi,2026-02-06 14:00:06+00:00,23.3,56,1018.1,10.4,111.56,173.7,549.34,1.73,11.26,210.52,5,14,4,6,2,0,0,0.6422567645365573,1304.8
Karachi,2026-02-07 09:21:02+00:00,29.3,27,1016.2,7.2,51.48,80.29,226.98,0.08,0.64,112.6,4,9,5,7,2,1,1,0.6411757379499314,791.1
Karachi,2026-02-05 12:48:27+00:00,27.1,35,1017.6,7.3,80.9,152.52,396.34,3.11,9.05,169.6,5,12,3,5,2,0,0,0.530422239706268,948.5
Karachi,2026-02-08 07:33:49+00:00,26.3,40,1016.1,9.1,52.51,99.63,239.72,0.22,0.6,101.81,4,7,6,8,2,1,1,0.527050085315668,1052.0
Karachi,2026-02-07 15:15:12+00:00,22.4,65,1016.8,2.7,50.61,81.45,220.05,0.13,0.39,107.93,4,15,5,7,2,1,0,0.6213627992633517,1456.0
Karachi,2026-02-07 20:22:26+00:00,18.9,79,1016.0,3.3,49.32,84.09,213.71,0.09,0.25,105.33,3,20,5,7,2,1,0,0.5865144488048519,1493.1
Karachi,2026-02-07 13:41:24+00:00,23.8,59,1015.3,9.0,53.26,90.24,227.7,0.15,0.4,108.69,4,13,5,7,2,1,0,0.5902039007092199,1404.2
Karachi,2026-02-06 22:11:02+00:00,18.6,89,1017.5,4.8,59.72,82.72,281.3,0.3,2.75,142.3,4,22,4,6,2,0,0,0.721953578336557,1655.4
Karachi,2026-02-07 18:28:51+00:00,20.7,72,1016.2,2.1,49.6,82.86,215.64,0.1,0.28,106.65,3,18,5,7,2,1,1,0.5986000482741974,1490.3999999999999
Karachi,2026-02-07 10:21:10+00:00,27.4,46,1015.3,16.6,52.19,82.46,227.75,0.08,0.59,111.41,4,10,5,7,2,1,0,0.6329129274799903,1260.3999999999999
Karachi,2026-02-06 19:36:01+00:00,20.4,82,1018.5,4.5,70.62,99.65,330.66,0.45,4.5,155.92,4,19,4,6,2,0,1,0.7086803813346714,1672.8
Karachi,2026-02-06 06:47:28+00:00,26.3,30,1021.0,2.5,91.42,165.16,529.08,3.64,9.95,137.68,5,6,4,6,2,0,0,0.5535238556551223,789.0
Karachi,2026-02-06 15:36:33+00:00,22.4,64,1019.2,8.4,92.91,142.53,450.48,0.97,9.7,191.68,5,15,4,6,2,0,0,0.6518627657335297,1433.6
Karachi,2026-02-07 11:19:15+00:00,26.3,50,1014.8,18.7,52.61,84.47,227.88,0.09,0.54,109.79,4,11,5,7,2,1,0,0.6228246714809992,1315.0
Karachi,2026-02-07 14:22:06+00:00,23.1,63,1015.9,5.9,53.26,90.24,227.7,0.15,0.4,108.69,4,14,5,7,2,1,0,0.5902039007092199,1455.3000000000002
Karachi,2026-02-08 10:17:30+00:00,26.0,42,1013.3,14.5,53.55,99.43,240.88,0.16,0.64,102.03,4,10,6,8,2,1,0,0.5385698481343658,1092.0
Karachi,2026-02-08 09:19:00+00:00,26.0,41,1014.4,14.2,53.22,99.55,243.01,0.18,0.66,102.3,4,9,6,8,2,1,1,0.5346057257659468,1066.0
Karachi,2026-02-06 01:23:22+00:00,17.0,67,1019.4,5.9,87.32,160.16,591.11,4.21,9.5,112.32,5,1,4,6,2,0,0,0.5452047952047951,1139.0
Karachi,2026-02-07 08:25:48+00:00,29.0,26,1017.2,3.6,50.93,78.76,226.93,0.08,0.69,114.14,4,8,5,7,2,1,1,0.6466480446927374,754.0
Karachi,2026-02-06 23:15:49+00:00,18.2,90,1017.0,4.6,54.93,76.55,259.96,0.24,2.14,136.38,4,23,4,6,2,0,0,0.7175702155453952,1638.0
Karachi,2026-02-05 09:38:26+00:00,28.9,25,1018.0,16.6,78.1,154.72,368.73,1.67,8.62,158.85,5,9,3,5,2,0,1,0.5047828335056876,722.5
Karachi,2026-02-07 23:18:21+00:00,16.8,90,1015.1,4.7,50.6,90.16,215.17,0.09,0.22,103.12,4,23,5,7,2,1,0,0.5612244897959184,1512.0
Karachi,2026-02-07 16:24:57+00:00,22.1,68,1016.5,2.3,50.06,81.82,217.85,0.12,0.35,107.71,4,16,5,7,2,1,0,0.6118308482033733,1502.8000000000002
Karachi,2026-02-05 10:30:47+00:00,29.0,25,1017.5,13.7,79.4,154.34,376.49,1.84,8.62,164.79,5,10,3,5,2,0,0,0.5144486199300247,725.0
Karachi,2026-02-06 21:27:18+00:00,19.3,87,1017.9,4.0,65.19,90.76,305.3,0.37,3.54,148.95,4,21,4,6,2,0,0,0.7182679594535036,1679.1000000000001
Karachi,2026-02-07 05:38:46+00:00,23.3,52,1019.4,4.3,49.43,75.19,226.09,0.13,0.79,116.76,3,5,5,7,2,1,0,0.6574012501662455,1211.6000000000001
Karachi,2026-02-05 17:43:22+00:00,21.7,58,1019.1,4.1,85.35,148.4,495.97,3.41,8.88,150.42,5,17,3,5,2,0,1,0.5751347708894878,1258.6
Karachi,2026-02-06 17:33:34+00:00,21.8,73,1019.3,7.3,81.33,119.7,385.47,0.66,6.95,172.75,5,17,4,6,2,0,1,0.6794486215538846,1591.4
Karachi,2026-02-07 01:29:13+00:00,17.3,91,1018.0,4.1,48.19,69.14,229.07,0.17,1.42,127.53,3,1,5,7,2,1,0,0.6969916112236042,1574.3
Karachi,2026-02-07 06:26:42+00:00,25.9,38,1019.1,3.8,49.43,75.19,226.09,0.13,0.79,116.76,3,6,5,7,2,1,0,0.6574012501662455,984.1999999999999
Karachi,2026-02-08 05:54:59+00:00,24.6,44,1017.3,4.0,51.32,99.75,225.53,0.21,0.32,100.54,4,5,6,8,2,1,0,0.5144862155388471,1082.4
Karachi,2026-02-05 21:24:37+00:00,19.0,59,1018.5,5.0,87.65,148.91,622.75,5.1,8.9,128.91,5,21,3,5,2,0,0,0.5886105701430395,1121.0
Karachi,2026-02-07 21:22:30+00:00,18.0,83,1015.6,3.6,49.56,85.45,213.89,0.09,0.24,104.54,3,21,5,7,2,1,0,0.5799882972498537,1494.0
Karachi,2026-02-06 16:29:37+00:00,22.1,68,1019.3,7.8,92.91,142.53,450.48,0.97,9.7,191.68,5,16,4,6,2,0,0,0.6518627657335297,1502.8000000000002
Karachi,2026-02-06 10:27:25+00:00,26.8,35,1017.9,15.5,115.93,189.82,572.8,1.89,10.7,181.54,5,10,4,6,2,0,0,0.6107364871983986,938.0
Karachi,2026-02-06 20:28:39+00:00,19.8,85,1018.2,4.0,70.62,99.65,330.66,0.45,4.5,155.92,4,20,4,6,2,0,0,0.7086803813346714,1683.0
Karachi,2026-02-07 04:05:06+00:00,18.7,75,1019.4,6.1,47.67,71.29,222.52,0.19,0.95,120.51,3,4,5,7,2,1,0,0.6686772338336372,1402.5
Karachi,2026-02-08 02:05:57+00:00,15.4,92,1015.9,5.6,51.58,98.04,215.66,0.09,0.19,101.72,4,2,6,8,2,1,0,0.5261117911056711,1416.8
Karachi,2026-02-07 12:37:48+00:00,25.0,51,1014.7,13.5,53.13,88.67,227.88,0.14,0.44,108.92,4,12,5,7,2,1,0,0.5991880004511109,1275.0
Karachi,2026-02-05 22:22:28+00:00,18.3,60,1018.0,6.6,86.62,151.22,606.33,4.84,9.82,125.47,5,22,3,5,2,0,0,0.5728078296521625,1098.0
Karachi,2026-02-08 08:22:54+00:00,26.3,41,1015.3,12.0,52.51,99.63,239.72,0.22,0.6,101.81,4,8,6,8,2,1,1,0.527050085315668,1078.3
Karachi,2026-02-06 07:43:16+00:00,27.3,28,1020.2,3.9,100.01,173.62,545.76,2.85,9.63,153.12,5,7,4,6,2,0,1,0.5760281073609032,764.4
Karachi,2026-02-07 22:16:36+00:00,17.4,84,1015.3,4.2,50.06,87.57,214.44,0.09,0.23,103.8,4,22,5,7,2,1,0,0.5716569601461688,1461.6
Karachi,2026-02-08 05:00:25+00:00,21.4,58,1017.3,5.0,51.19,100.08,218.2,0.14,0.21,100.76,4,5,6,8,2,1,0,0.5114908073541167,1241.1999999999998
Karachi,2026-02-06 05:50:44+00:00,24.0,36,1021.5,4.6,86.29,160.77,526.79,4.38,10.16,122.81,5,5,4,6,2,0,0,0.5367294893325869,864.0
Karachi,2026-02-06 22:21:14+00:00,22.0,71,1019.4,7.9,86.56,130.32,415.36,0.8,8.36,182.01,5,22,4,6,2,0,0,0.6642111724984654,1562.0
Karachi,2026-02-06 09:38:12+00:00,27.5,33,1018.4,13.6,115.93,189.82,572.8,1.89,10.7,181.54,5,9,4,6,2,0,1,0.6107364871983986,907.5
Karachi,2026-02-05 18:41:59+00:00,21.2,52,1019.0,4.3,86.41,146.86,537.5,4.01,8.84,143.82,5,18,3,5,2,0,1,0.5883834944845431,1102.3999999999999
Karachi,2026-02-05 11:32:29+00:00,28.5,28,1017.3,11.1,80.04,153.24,384.1,2.3,8.8,168.36,5,11,3,5,2,0,0,0.5223179326546594,798.0
Karachi,2026-02-06 18:42:30+00:00,21.2,78,1018.9,5.6,76.05,109.42,357.35,0.54,5.65,163.88,5,18,4,6,2,0,1,0.6950283312008774,1653.6
Karachi,2026-02-07 07:29:09+00:00,27.4,32,1018.5,2.9,50.25,77.05,226.82,0.1,0.74,115.57,4,7,5,7,2,1,1,0.6521739130434783,876.8
Karachi,2026-02-05 19:33:22+00:00,20.3,52,1019.0,4.8,87.18,146.78,582.69,4.57,8.82,136.52,5,19,3,5,2,0,1,0.5939501294454286,1055.6000000000001
Karachi,2026-02-06 14:44:16+00:00,22.9,59,1018.6,9.7,102.02,158.15,497.73,1.22,10.71,201.83,5,14,4,6,2,0,0,0.6450837812203604,1351.1
Karachi,2026-02-06 04:11:32+00:00,18.0,64,1020.9,5.6,84.74,159.67,548.87,4.68,9.83,106.09,5,4,4,6,2,0,0,0.5307196091939625,1152.0
Karachi,2026-02-07 19:16:19+00:00,19.7,76,1016.1,2.4,49.34,83.32,214.42,0.1,0.26,106.1,3,19,5,7,2,1,1,0.5921747479596736,1497.2
Karachi,2026-02-06 08:33:22+00:00,27.9,28,1019.1,8.7,109.16,183.02,562.76,2.25,9.9,167.8,5,8,4,6,2,0,1,0.5964375478089826,781.1999999999999
Karachi,2026-02-05 23:20:30+00:00,18.0,62,1018.5,6.5,86.95,154.73,602.29,4.64,9.65,120.76,5,23,3,5,2,0,0,0.5619466166871325,1116.0
Karachi,2026-02-06 12:47:37+00:00,24.9,45,1017.5,13.7,113.93,182.06,526.53,2.05,13.31,197.53,5,12,4,6,2,0,0,0.6257827089970339,1120.5
Karachi,2026-02-08 11:20:17+00:00,25.4,50,1013.1,16.0,53.06,98.83,232.45,0.15,0.56,100.49,4,11,6,8,2,1,0,0.5368815137104118,1270.0
Karachi,2026-02-08 13:37:36+00:00,22.8,77,1013.4,14.2,48.92,96.55,200.31,0.1,0.14,93.32,3,13,6,8,2,1,0,0.5066804764370793,1755.6000000000001
Karachi,2026-02-08 14:18:10+00:00,22.0,83,1013.8,12.7,48.92,96.55,200.31,0.1,0.14,93.32,3,14,6,8,2,1,0,0.5066804764370793,1826.0
Karachi,2026-02-08 15:22:08+00:00,21.4,86,1014.4,10.7,47.6,95.63,195.3,0.1,0.13,93.66,3,15,6,8,2,1,0,0.49775175154240303,1840.3999999999999
Karachi,2026-02-08 16:18:05+00:00,21.5,87,1014.0,9.0,46.38,95.59,190.81,0.09,0.11,94.38,3,16,6,8,2,1,0,0.48519719635945185,1870.5
